image_id,label
img_3091.jpg,1
img_3001.jpg,1
img_7800.jpg,1
img_2815.jpg,1
img_1549.jpg,1
img_6525.jpg,1
img_1714.jpg,1
img_2558.jpg,1
img_4672.jpg,1
img_4088.jpg,1
img_7075.jpg,1
img_1143.jpg,1
img_7528.jpg,1
img_1020.jpg,0
img_7453.jpg,1
img_5649.jpg,1
img_7771.jpg,1
img_304.jpg,0
img_7338.jpg,1
img_5750.jpg,1
img_2961.jpg,1
img_3081.jpg,1
img_2827.jpg,1
img_3120.jpg,1
img_5446.jpg,1
img_1857.jpg,1
img_3978.jpg,1
img_47.jpg,0
img_4387.jpg,1
img_7234.jpg,1
img_6434.jpg,1
img_235.jpg,0
img_6607.jpg,1
img_7149.jpg,1
img_7641.jpg,1
img_163.jpg,0
img_1671.jpg,1
img_6700.jpg,1
img_7265.jpg,1
img_7293.jpg,1
img_2914.jpg,1
img_2348.jpg,1
img_2725.jpg,1
img_4440.jpg,1
img_5444.jpg,1
img_4671.jpg,1
img_5174.jpg,1
img_6678.jpg,1
img_1237.jpg,1
img_4047.jpg,1
img_2823.jpg,1
img_5042.jpg,1
img_7587.jpg,1
img_2739.jpg,1
img_1066.jpg,0
img_4398.jpg,1
img_5347.jpg,1
img_962.jpg,0
img_1604.jpg,1
img_2861.jpg,1
img_181.jpg,0
img_3124.jpg,1
img_6598.jpg,1
img_5820.jpg,1
img_1837.jpg,1
img_2723.jpg,1
img_3424.jpg,1
img_6400.jpg,1
img_521.jpg,0
img_3646.jpg,1
img_4538.jpg,1
img_5252.jpg,1
img_7502.jpg,1
img_3512.jpg,1
img_6441.jpg,1
img_7355.jpg,1
img_7600.jpg,1
img_2174.jpg,1
img_4920.jpg,1
img_3812.jpg,1
img_3638.jpg,1
img_542.jpg,0
img_5765.jpg,1
img_312.jpg,0
img_4695.jpg,1
img_2982.jpg,1
img_7572.jpg,1
img_7145.jpg,1
img_2903.jpg,1
img_650.jpg,0
img_730.jpg,0
img_5635.jpg,1
img_6154.jpg,1
img_606.jpg,0
img_1245.jpg,1
img_6596.jpg,1
img_7243.jpg,1
img_6575.jpg,1
img_5722.jpg,1
img_4443.jpg,1
img_7104.jpg,1
img_2655.jpg,1
img_6076.jpg,1
img_4779.jpg,1
img_6735.jpg,1
img_211.jpg,0
img_128.jpg,0
img_2598.jpg,1
img_5166.jpg,1
img_1117.jpg,1
img_5407.jpg,1
img_2229.jpg,1
img_7278.jpg,1
img_7182.jpg,1
img_2859.jpg,1
img_7128.jpg,1
img_2485.jpg,1
img_7354.jpg,1
img_4262.jpg,1
img_2625.jpg,1
img_413.jpg,0
img_5209.jpg,1
img_6915.jpg,1
img_4294.jpg,1
img_7327.jpg,1
img_4938.jpg,1
img_4138.jpg,1
img_1960.jpg,1
img_5574.jpg,1
img_5173.jpg,1
img_3330.jpg,1
img_1622.jpg,1
img_6936.jpg,1
img_301.jpg,0
img_2065.jpg,1
img_1248.jpg,1
img_5461.jpg,1
img_7049.jpg,1
img_956.jpg,0
img_1830.jpg,1
img_3540.jpg,1
img_6849.jpg,1
img_2482.jpg,1
img_868.jpg,0
img_3470.jpg,1
img_900.jpg,0
img_2196.jpg,1
img_4872.jpg,1
img_375.jpg,0
img_7264.jpg,1
img_1866.jpg,1
img_4099.jpg,1
img_3989.jpg,1
img_6921.jpg,1
img_4445.jpg,1
img_3720.jpg,1
img_980.jpg,0
img_1177.jpg,1
img_1583.jpg,1
img_6928.jpg,1
img_6635.jpg,1
img_6736.jpg,1
img_1623.jpg,1
img_1779.jpg,1
img_6935.jpg,1
img_3605.jpg,1
img_2538.jpg,1
img_5206.jpg,1
img_3158.jpg,1
img_3846.jpg,1
img_6707.jpg,1
img_7662.jpg,1
img_4900.jpg,1
img_432.jpg,0
img_266.jpg,0
img_101.jpg,0
img_4552.jpg,1
img_3647.jpg,1
img_46.jpg,0
img_4905.jpg,1
img_3096.jpg,1
img_6539.jpg,1
img_5976.jpg,1
img_2390.jpg,1
img_740.jpg,0
img_4026.jpg,1
img_5335.jpg,1
img_1690.jpg,1
img_6033.jpg,1
img_2816.jpg,1
img_7055.jpg,1
img_1375.jpg,1
img_568.jpg,0
img_2851.jpg,1
img_887.jpg,0
img_7467.jpg,1
img_1057.jpg,0
img_2110.jpg,1
img_63.jpg,0
img_3397.jpg,1
img_4000.jpg,1
img_782.jpg,0
img_338.jpg,0
img_2227.jpg,1
img_2864.jpg,1
img_4438.jpg,1
img_4079.jpg,1
img_3563.jpg,1
img_7561.jpg,1
img_2736.jpg,1
img_732.jpg,0
img_2779.jpg,1
img_3597.jpg,1
img_6358.jpg,1
img_203.jpg,0
img_2021.jpg,1
img_3568.jpg,1
img_1751.jpg,1
img_2793.jpg,1
img_4618.jpg,1
img_4740.jpg,1
img_5486.jpg,1
img_4275.jpg,1
img_1668.jpg,1
img_7013.jpg,1
img_2189.jpg,1
img_807.jpg,0
img_6726.jpg,1
img_1102.jpg,0
img_5802.jpg,1
img_7250.jpg,1
img_5575.jpg,1
img_5968.jpg,1
img_3754.jpg,1
img_6361.jpg,1
img_5940.jpg,1
img_2925.jpg,1
img_7214.jpg,1
img_6063.jpg,1
img_6367.jpg,1
img_2854.jpg,1
img_3784.jpg,1
img_668.jpg,0
img_6716.jpg,1
img_4956.jpg,1
img_365.jpg,0
img_1982.jpg,1
img_5216.jpg,1
img_7497.jpg,1
img_1947.jpg,1
img_1563.jpg,1
img_84.jpg,0
img_1803.jpg,1
img_724.jpg,0
img_5769.jpg,1
img_1285.jpg,1
img_720.jpg,0
img_3069.jpg,1
img_3661.jpg,1
img_5895.jpg,1
img_7549.jpg,1
img_1353.jpg,1
img_2834.jpg,1
img_6379.jpg,1
img_3510.jpg,1
img_1142.jpg,1
img_4558.jpg,1
img_3506.jpg,1
img_7053.jpg,1
img_2772.jpg,1
img_5354.jpg,1
img_7535.jpg,1
img_6988.jpg,1
img_2574.jpg,1
img_4868.jpg,1
img_1379.jpg,1
img_2539.jpg,1
img_5344.jpg,1
img_6359.jpg,1
img_5125.jpg,1
img_6460.jpg,1
img_83.jpg,0
img_453.jpg,0
img_6080.jpg,1
img_4691.jpg,1
img_1928.jpg,1
img_6473.jpg,1
img_2224.jpg,1
img_5920.jpg,1
img_1342.jpg,1
img_6068.jpg,1
img_7219.jpg,1
img_6941.jpg,1
img_5247.jpg,1
img_6523.jpg,1
img_6923.jpg,1
img_234.jpg,0
img_1046.jpg,0
img_6225.jpg,1
img_2577.jpg,1
img_6623.jpg,1
img_2149.jpg,1
img_5748.jpg,1
img_5047.jpg,1
img_4288.jpg,1
img_1226.jpg,1
img_7299.jpg,1
img_6430.jpg,1
img_5057.jpg,1
img_6895.jpg,1
img_3825.jpg,1
img_3297.jpg,1
img_5520.jpg,1
img_5185.jpg,1
img_2410.jpg,1
img_6224.jpg,1
img_4063.jpg,1
img_1306.jpg,1
img_635.jpg,0
img_4125.jpg,1
img_5064.jpg,1
img_1964.jpg,1
img_7350.jpg,1
img_3834.jpg,1
img_6360.jpg,1
img_3290.jpg,1
img_2324.jpg,1
img_7584.jpg,1
img_4918.jpg,1
img_1269.jpg,1
img_6373.jpg,1
img_4163.jpg,1
img_4573.jpg,1
img_3413.jpg,1
img_3440.jpg,1
img_2513.jpg,1
img_6756.jpg,1
img_2260.jpg,1
img_7347.jpg,1
img_1860.jpg,1
img_6785.jpg,1
img_6201.jpg,1
img_1132.jpg,1
img_3522.jpg,1
img_4515.jpg,1
img_2310.jpg,1
img_4399.jpg,1
img_3815.jpg,1
img_5107.jpg,1
img_1896.jpg,1
img_1298.jpg,1
img_2639.jpg,1
img_5308.jpg,1
img_3755.jpg,1
img_81.jpg,0
img_6696.jpg,1
img_3172.jpg,1
img_3690.jpg,1
img_1734.jpg,1
img_5888.jpg,1
img_6190.jpg,1
img_4968.jpg,1
img_4111.jpg,1
img_6501.jpg,1
img_86.jpg,0
img_2299.jpg,1
img_5983.jpg,1
img_5017.jpg,1
img_2860.jpg,1
img_1188.jpg,1
img_5393.jpg,1
img_1825.jpg,1
img_5094.jpg,1
img_6630.jpg,1
img_1620.jpg,1
img_6996.jpg,1
img_2663.jpg,1
img_621.jpg,0
img_6305.jpg,1
img_1072.jpg,0
img_3837.jpg,1
img_2447.jpg,1
img_2666.jpg,1
img_1593.jpg,1
img_4496.jpg,1
img_7594.jpg,1
img_6212.jpg,1
img_1227.jpg,1
img_6648.jpg,1
img_504.jpg,0
img_2057.jpg,1
img_4781.jpg,1
img_6540.jpg,1
img_6749.jpg,1
img_918.jpg,0
img_2546.jpg,1
img_6287.jpg,1
img_1437.jpg,1
img_7318.jpg,1
img_4894.jpg,1
img_1112.jpg,0
img_6350.jpg,1
img_7671.jpg,1
img_2140.jpg,1
img_1670.jpg,1
img_3782.jpg,1
img_3829.jpg,1
img_2465.jpg,1
img_1009.jpg,0
img_6194.jpg,1
img_5215.jpg,1
img_1524.jpg,1
img_5213.jpg,1
img_2272.jpg,1
img_6381.jpg,1
img_5061.jpg,1
img_2207.jpg,1
img_2547.jpg,1
img_7380.jpg,1
img_6074.jpg,1
img_5830.jpg,1
img_4647.jpg,1
img_3705.jpg,1
img_3358.jpg,1
img_4302.jpg,1
img_2170.jpg,1
img_2340.jpg,1
img_5022.jpg,1
img_4235.jpg,1
img_5791.jpg,1
img_4422.jpg,1
img_2919.jpg,1
img_5699.jpg,1
img_6031.jpg,1
img_6374.jpg,1
img_4222.jpg,1
img_656.jpg,0
img_2906.jpg,1
img_7286.jpg,1
img_678.jpg,0
img_3371.jpg,1
img_314.jpg,0
img_7728.jpg,1
img_4315.jpg,1
img_2814.jpg,1
img_499.jpg,0
img_177.jpg,0
img_3265.jpg,1
img_4253.jpg,1
img_4623.jpg,1
img_6497.jpg,1
img_1015.jpg,0
img_721.jpg,0
img_3911.jpg,1
img_2844.jpg,1
img_6954.jpg,1
img_5413.jpg,1
img_6279.jpg,1
img_5700.jpg,1
img_184.jpg,0
img_3630.jpg,1
img_3137.jpg,1
img_6579.jpg,1
img_5054.jpg,1
img_6741.jpg,1
img_723.jpg,0
img_4397.jpg,1
img_1080.jpg,0
img_3415.jpg,1
img_601.jpg,0
img_3200.jpg,1
img_7095.jpg,1
img_1334.jpg,1
img_382.jpg,0
img_3271.jpg,1
img_7635.jpg,1
img_6135.jpg,1
img_6023.jpg,1
img_4527.jpg,1
img_2169.jpg,1
img_5891.jpg,1
img_1000.jpg,0
img_2143.jpg,1
img_4025.jpg,1
img_4594.jpg,1
img_92.jpg,0
img_26.jpg,0
img_259.jpg,0
img_2274.jpg,1
img_4835.jpg,1
img_6572.jpg,1
img_2128.jpg,1
img_7020.jpg,1
img_1313.jpg,1
img_1461.jpg,1
img_476.jpg,0
img_4957.jpg,1
img_7513.jpg,1
img_1446.jpg,1
img_7454.jpg,1
img_5219.jpg,1
img_3711.jpg,1
img_4347.jpg,1
img_1648.jpg,1
img_6176.jpg,1
img_1676.jpg,1
img_1533.jpg,1
img_7742.jpg,1
img_5615.jpg,1
img_3248.jpg,1
img_5823.jpg,1
img_4267.jpg,1
img_1717.jpg,1
img_6951.jpg,1
img_7069.jpg,1
img_4276.jpg,1
img_4969.jpg,1
img_448.jpg,0
img_1501.jpg,1
img_5943.jpg,1
img_1224.jpg,1
img_5717.jpg,1
img_251.jpg,0
img_4195.jpg,1
img_3986.jpg,1
img_6557.jpg,1
img_6931.jpg,1
img_1502.jpg,1
img_4547.jpg,1
img_4499.jpg,1
img_7084.jpg,1
img_300.jpg,0
img_841.jpg,0
img_5088.jpg,1
img_1441.jpg,1
img_6095.jpg,1
img_4164.jpg,1
img_3211.jpg,1
img_3575.jpg,1
img_3294.jpg,1
img_2724.jpg,1
img_6950.jpg,1
img_4914.jpg,1
img_4200.jpg,1
img_4238.jpg,1
img_3214.jpg,1
img_4521.jpg,1
img_2962.jpg,1
img_4880.jpg,1
img_3908.jpg,1
img_3289.jpg,1
img_3175.jpg,1
img_2257.jpg,1
img_283.jpg,0
img_2646.jpg,1
img_982.jpg,0
img_3869.jpg,1
img_7101.jpg,1
img_6024.jpg,1
img_7577.jpg,1
img_7406.jpg,1
img_3875.jpg,1
img_3085.jpg,1
img_5847.jpg,1
img_3817.jpg,1
img_3632.jpg,1
img_1457.jpg,1
img_3730.jpg,1
img_6341.jpg,1
img_7678.jpg,1
img_1033.jpg,0
img_5601.jpg,1
img_2616.jpg,1
img_2734.jpg,1
img_4823.jpg,1
img_4042.jpg,1
img_2865.jpg,1
img_6220.jpg,1
img_1558.jpg,1
img_4013.jpg,1
img_7444.jpg,1
img_6223.jpg,1
img_4993.jpg,1
img_6453.jpg,1
img_2145.jpg,1
img_5482.jpg,1
img_6618.jpg,1
img_4179.jpg,1
img_4517.jpg,1
img_6979.jpg,1
img_294.jpg,0
img_1666.jpg,1
img_7759.jpg,1
img_5818.jpg,1
img_7791.jpg,1
img_3992.jpg,1
img_426.jpg,0
img_1228.jpg,1
img_3010.jpg,1
img_4605.jpg,1
img_2270.jpg,1
img_5648.jpg,1
img_4364.jpg,1
img_3135.jpg,1
img_1295.jpg,1
img_4207.jpg,1
img_6134.jpg,1
img_3342.jpg,1
img_176.jpg,0
img_3224.jpg,1
img_4433.jpg,1
img_5898.jpg,1
img_7529.jpg,1
img_2954.jpg,1
img_3419.jpg,1
img_2765.jpg,1
img_3798.jpg,1
img_6890.jpg,1
img_3372.jpg,1
img_6684.jpg,1
img_4176.jpg,1
img_6670.jpg,1
img_7632.jpg,1
img_1480.jpg,1
img_7538.jpg,1
img_4726.jpg,1
img_834.jpg,0
img_23.jpg,0
img_1164.jpg,1
img_1775.jpg,1
img_3100.jpg,1
img_1780.jpg,1
img_38.jpg,0
img_814.jpg,0
img_4012.jpg,1
img_1624.jpg,1
img_2336.jpg,1
img_5720.jpg,1
img_5297.jpg,1
img_5979.jpg,1
img_6852.jpg,1
img_7179.jpg,1
img_429.jpg,0
img_5962.jpg,1
img_5392.jpg,1
img_6945.jpg,1
img_6247.jpg,1
img_2770.jpg,1
img_4718.jpg,1
img_3878.jpg,1
img_541.jpg,0
img_2730.jpg,1
img_1060.jpg,0
img_3635.jpg,1
img_2000.jpg,1
img_5154.jpg,1
img_4031.jpg,1
img_1032.jpg,0
img_1381.jpg,1
img_6871.jpg,1
img_842.jpg,0
img_7309.jpg,1
img_4324.jpg,1
img_6929.jpg,1
img_3920.jpg,1
img_796.jpg,0
img_290.jpg,0
img_3618.jpg,1
img_4307.jpg,1
img_6536.jpg,1
img_5890.jpg,1
img_7070.jpg,1
img_3910.jpg,1
img_7768.jpg,1
img_1608.jpg,1
img_341.jpg,0
img_447.jpg,0
img_7274.jpg,1
img_4437.jpg,1
img_2210.jpg,1
img_5782.jpg,1
img_3674.jpg,1
img_1069.jpg,0
img_7246.jpg,1
img_902.jpg,0
img_2525.jpg,1
img_3417.jpg,1
img_1804.jpg,1
img_3861.jpg,1
img_7302.jpg,1
img_585.jpg,0
img_7222.jpg,1
img_6059.jpg,1
img_6284.jpg,1
img_790.jpg,0
img_1223.jpg,1
img_7739.jpg,1
img_2034.jpg,1
img_3173.jpg,1
img_7490.jpg,1
img_7435.jpg,1
img_1497.jpg,1
img_1463.jpg,1
img_4797.jpg,1
img_3411.jpg,1
img_2783.jpg,1
img_5806.jpg,1
img_7786.jpg,1
img_5500.jpg,1
img_7187.jpg,1
img_3767.jpg,1
img_4204.jpg,1
img_1970.jpg,1
img_670.jpg,0
img_6275.jpg,1
img_7483.jpg,1
img_5170.jpg,1
img_4790.jpg,1
img_2797.jpg,1
img_5742.jpg,1
img_2741.jpg,1
img_323.jpg,0
img_2091.jpg,1
img_5934.jpg,1
img_7077.jpg,1
img_605.jpg,0
img_5494.jpg,1
img_4683.jpg,1
img_218.jpg,0
img_188.jpg,0
img_1589.jpg,1
img_5034.jpg,1
img_7484.jpg,1
img_6857.jpg,1
img_861.jpg,0
img_3613.jpg,1
img_1705.jpg,1
img_847.jpg,0
img_3768.jpg,1
img_1954.jpg,1
img_5031.jpg,1
img_2740.jpg,1
img_537.jpg,0
img_7699.jpg,1
img_78.jpg,0
img_1541.jpg,1
img_4296.jpg,1
img_7071.jpg,1
img_2691.jpg,1
img_3525.jpg,1
img_1399.jpg,1
img_5507.jpg,1
img_6894.jpg,1
img_3840.jpg,1
img_1994.jpg,1
img_1484.jpg,1
img_6711.jpg,1
img_1287.jpg,1
img_3799.jpg,1
img_7789.jpg,1
img_3476.jpg,1
img_5000.jpg,1
img_4190.jpg,1
img_5127.jpg,1
img_250.jpg,0
img_39.jpg,0
img_5472.jpg,1
img_4011.jpg,1
img_3570.jpg,1
img_1821.jpg,1
img_368.jpg,0
img_1750.jpg,1
img_2973.jpg,1
img_1136.jpg,1
img_6461.jpg,1
img_1794.jpg,1
img_716.jpg,0
img_2528.jpg,1
img_1330.jpg,1
img_2809.jpg,1
img_5212.jpg,1
img_1128.jpg,1
img_6510.jpg,1
img_5878.jpg,1
img_6606.jpg,1
img_6664.jpg,1
img_3698.jpg,1
img_6659.jpg,1
img_5523.jpg,1
img_6440.jpg,1
img_1525.jpg,1
img_380.jpg,0
img_7498.jpg,1
img_2487.jpg,1
img_6791.jpg,1
img_7135.jpg,1
img_173.jpg,0
img_6055.jpg,1
img_3814.jpg,1
img_5496.jpg,1
img_1679.jpg,1
img_4018.jpg,1
img_649.jpg,0
img_5160.jpg,1
img_7589.jpg,1
img_2230.jpg,1
img_2146.jpg,1
img_6643.jpg,1
img_4056.jpg,1
img_7348.jpg,1
img_6751.jpg,1
img_5932.jpg,1
img_6750.jpg,1
img_614.jpg,0
img_3022.jpg,1
img_6654.jpg,1
img_6846.jpg,1
img_16.jpg,0
img_5764.jpg,1
img_5414.jpg,1
img_6273.jpg,1
img_7176.jpg,1
img_2002.jpg,1
img_4460.jpg,1
img_3775.jpg,1
img_4078.jpg,1
img_6513.jpg,1
img_2374.jpg,1
img_7218.jpg,1
img_106.jpg,0
img_2908.jpg,1
img_2402.jpg,1
img_6226.jpg,1
img_2457.jpg,1
img_808.jpg,0
img_4271.jpg,1
img_6593.jpg,1
img_3207.jpg,1
img_6969.jpg,1
img_7337.jpg,1
img_1606.jpg,1
img_6340.jpg,1
img_2728.jpg,1
img_6028.jpg,1
img_1431.jpg,1
img_5014.jpg,1
img_1871.jpg,1
img_481.jpg,0
img_6629.jpg,1
img_7107.jpg,1
img_991.jpg,0
img_3018.jpg,1
img_5747.jpg,1
img_7226.jpg,1
img_5624.jpg,1
img_5163.jpg,1
img_5314.jpg,1
img_1542.jpg,1
img_5536.jpg,1
img_1735.jpg,1
img_4655.jpg,1
img_7181.jpg,1
img_5384.jpg,1
img_261.jpg,0
img_945.jpg,0
img_2682.jpg,1
img_4667.jpg,1
img_464.jpg,0
img_7351.jpg,1
img_2693.jpg,1
img_3379.jpg,1
img_1343.jpg,1
img_4556.jpg,1
img_4706.jpg,1
img_1786.jpg,1
img_1076.jpg,0
img_3933.jpg,1
img_1959.jpg,1
img_5416.jpg,1
img_2679.jpg,1
img_2158.jpg,1
img_4531.jpg,1
img_1895.jpg,1
img_3374.jpg,1
img_5797.jpg,1
img_1770.jpg,1
img_867.jpg,0
img_5002.jpg,1
img_3418.jpg,1
img_767.jpg,0
img_4157.jpg,1
img_6927.jpg,1
img_4907.jpg,1
img_4852.jpg,1
img_4522.jpg,1
img_3458.jpg,1
img_1336.jpg,1
img_825.jpg,0
img_6038.jpg,1
img_7273.jpg,1
img_4349.jpg,1
img_6306.jpg,1
img_3483.jpg,1
img_4044.jpg,1
img_7268.jpg,1
img_618.jpg,0
img_6924.jpg,1
img_4449.jpg,1
img_6851.jpg,1
img_7040.jpg,1
img_580.jpg,0
img_430.jpg,0
img_3053.jpg,1
img_754.jpg,0
img_7563.jpg,1
img_3860.jpg,1
img_7001.jpg,1
img_3693.jpg,1
img_6805.jpg,1
img_7804.jpg,1
img_7326.jpg,1
img_7340.jpg,1
img_7017.jpg,1
img_6722.jpg,1
img_412.jpg,0
img_4285.jpg,1
img_3984.jpg,1
img_7364.jpg,1
img_2416.jpg,1
img_6375.jpg,1
img_4112.jpg,1
img_1969.jpg,1
img_3899.jpg,1
img_1889.jpg,1
img_5169.jpg,1
img_1872.jpg,1
img_799.jpg,0
img_4454.jpg,1
img_5551.jpg,1
img_6507.jpg,1
img_7291.jpg,1
img_2665.jpg,1
img_168.jpg,0
img_7496.jpg,1
img_5666.jpg,1
img_2492.jpg,1
img_4136.jpg,1
img_7495.jpg,1
img_2107.jpg,1
img_4061.jpg,1
img_802.jpg,0
img_3895.jpg,1
img_7617.jpg,1
img_535.jpg,0
img_6712.jpg,1
img_3425.jpg,1
img_7527.jpg,1
img_2088.jpg,1
img_2025.jpg,1
img_7076.jpg,1
img_433.jpg,0
img_2760.jpg,1
img_4247.jpg,1
img_6823.jpg,1
img_3608.jpg,1
img_6933.jpg,1
img_7319.jpg,1
img_478.jpg,0
img_3940.jpg,1
img_6317.jpg,1
img_5581.jpg,1
img_5542.jpg,1
img_7236.jpg,1
img_5352.jpg,1
img_858.jpg,0
img_5933.jpg,1
img_6470.jpg,1
img_5921.jpg,1
img_5877.jpg,1
img_4727.jpg,1
img_5353.jpg,1
img_7693.jpg,1
img_5900.jpg,1
img_1341.jpg,1
img_3548.jpg,1
img_7330.jpg,1
img_7004.jpg,1
img_1560.jpg,1
img_6527.jpg,1
img_28.jpg,0
img_7357.jpg,1
img_7553.jpg,1
img_1603.jpg,1
img_5060.jpg,1
img_3776.jpg,1
img_4279.jpg,1
img_2448.jpg,1
img_6955.jpg,1
img_7374.jpg,1
img_2338.jpg,1
img_3436.jpg,1
img_115.jpg,0
img_7116.jpg,1
img_3501.jpg,1
img_6327.jpg,1
img_4395.jpg,1
img_6987.jpg,1
img_6518.jpg,1
img_5128.jpg,1
img_6698.jpg,1
img_5176.jpg,1
img_4344.jpg,1
img_7295.jpg,1
img_2843.jpg,1
img_6731.jpg,1
img_696.jpg,0
img_6056.jpg,1
img_7646.jpg,1
img_6138.jpg,1
img_6906.jpg,1
img_3490.jpg,1
img_1847.jpg,1
img_2984.jpg,1
img_7108.jpg,1
img_5138.jpg,1
img_1664.jpg,1
img_5804.jpg,1
img_3032.jpg,1
img_3925.jpg,1
img_1054.jpg,0
img_3835.jpg,1
img_6653.jpg,1
img_6881.jpg,1
img_4630.jpg,1
img_6336.jpg,1
img_29.jpg,0
img_7610.jpg,1
img_5281.jpg,1
img_7648.jpg,1
img_3684.jpg,1
img_362.jpg,0
img_7362.jpg,1
img_700.jpg,0
img_5365.jpg,1
img_7668.jpg,1
img_1936.jpg,1
img_6371.jpg,1
img_2907.jpg,1
img_491.jpg,0
img_3319.jpg,1
img_7086.jpg,1
img_1662.jpg,1
img_7715.jpg,1
img_6942.jpg,1
img_2040.jpg,1
img_2849.jpg,1
img_1433.jpg,1
img_5164.jpg,1
img_4780.jpg,1
img_5827.jpg,1
img_5654.jpg,1
img_6148.jpg,1
img_1853.jpg,1
img_7358.jpg,1
img_310.jpg,0
img_7332.jpg,1
img_7400.jpg,1
img_1651.jpg,1
img_3932.jpg,1
img_3019.jpg,1
img_2641.jpg,1
img_3181.jpg,1
img_1240.jpg,1
img_2404.jpg,1
img_1138.jpg,1
img_2262.jpg,1
img_321.jpg,0
img_2104.jpg,1
img_2559.jpg,1
img_4582.jpg,1
img_6541.jpg,1
img_1293.jpg,1
img_7750.jpg,1
img_4475.jpg,1
img_2172.jpg,1
img_1702.jpg,1
img_4632.jpg,1
img_531.jpg,0
img_3993.jpg,1
img_7705.jpg,1
img_7489.jpg,1
img_3086.jpg,1
img_6229.jpg,1
img_7365.jpg,1
img_2234.jpg,1
img_7373.jpg,1
img_5828.jpg,1
img_5733.jpg,1
img_4199.jpg,1
img_816.jpg,0
img_7237.jpg,1
img_1833.jpg,1
img_2807.jpg,1
img_6390.jpg,1
img_5348.jpg,1
img_4557.jpg,1
img_7290.jpg,1
img_268.jpg,0
img_6728.jpg,1
img_2218.jpg,1
img_2138.jpg,1
img_6086.jpg,1
img_2291.jpg,1
img_6407.jpg,1
img_722.jpg,0
img_4488.jpg,1
img_2617.jpg,1
img_3948.jpg,1
img_1304.jpg,1
img_3598.jpg,1
img_6036.jpg,1
img_4008.jpg,1
img_4735.jpg,1
img_636.jpg,0
img_567.jpg,0
img_3622.jpg,1
img_6003.jpg,1
img_1315.jpg,1
img_5996.jpg,1
img_7353.jpg,1
img_3220.jpg,1
img_5631.jpg,1
img_6901.jpg,1
img_3373.jpg,1
img_6277.jpg,1
img_4702.jpg,1
img_3461.jpg,1
img_4274.jpg,1
img_4244.jpg,1
img_179.jpg,0
img_828.jpg,0
img_1301.jpg,1
img_6815.jpg,1
img_1740.jpg,1
img_3982.jpg,1
img_1041.jpg,0
img_2785.jpg,1
img_3196.jpg,1
img_915.jpg,0
img_6614.jpg,1
img_530.jpg,0
img_959.jpg,0
img_2799.jpg,1
img_2532.jpg,1
img_4627.jpg,1
img_7090.jpg,1
img_4696.jpg,1
img_2656.jpg,1
img_1013.jpg,0
img_60.jpg,0
img_3909.jpg,1
img_6560.jpg,1
img_1531.jpg,1
img_7811.jpg,1
img_1731.jpg,1
img_5454.jpg,1
img_2519.jpg,1
img_5834.jpg,1
img_1715.jpg,1
img_4416.jpg,1
img_7320.jpg,1
img_2928.jpg,1
img_6399.jpg,1
img_6143.jpg,1
img_1084.jpg,0
img_3340.jpg,1
img_5274.jpg,1
img_7097.jpg,1
img_4563.jpg,1
img_6158.jpg,1
img_7213.jpg,1
img_2648.jpg,1
img_7052.jpg,1
img_7010.jpg,1
img_141.jpg,0
img_5785.jpg,1
img_2778.jpg,1
img_2543.jpg,1
img_7089.jpg,1
img_3450.jpg,1
img_4478.jpg,1
img_1559.jpg,1
img_2232.jpg,1
img_2423.jpg,1
img_2688.jpg,1
img_4353.jpg,1
img_1270.jpg,1
img_1876.jpg,1
img_2713.jpg,1
img_1199.jpg,1
img_5665.jpg,1
img_6817.jpg,1
img_6072.jpg,1
img_4949.jpg,1
img_5029.jpg,1
img_6773.jpg,1
img_821.jpg,0
img_6382.jpg,1
img_7550.jpg,1
img_2453.jpg,1
img_6475.jpg,1
img_5115.jpg,1
img_1170.jpg,1
img_811.jpg,0
img_6691.jpg,1
img_7377.jpg,1
img_5710.jpg,1
img_1756.jpg,1
img_3212.jpg,1
img_3183.jpg,1
img_398.jpg,0
img_7417.jpg,1
img_1707.jpg,1
img_4729.jpg,1
img_5298.jpg,1
img_597.jpg,0
img_5490.jpg,1
img_5817.jpg,1
img_2845.jpg,1
img_2023.jpg,1
img_55.jpg,0
img_7283.jpg,1
img_3412.jpg,1
img_4890.jpg,1
img_6299.jpg,1
img_3393.jpg,1
img_7186.jpg,1
img_5894.jpg,1
img_701.jpg,0
img_6804.jpg,1
img_4572.jpg,1
img_5993.jpg,1
img_7304.jpg,1
img_3998.jpg,1
img_5529.jpg,1
img_4121.jpg,1
img_2711.jpg,1
img_1085.jpg,0
img_272.jpg,0
img_3429.jpg,1
img_3852.jpg,1
img_1854.jpg,1
img_192.jpg,0
img_1327.jpg,1
img_3421.jpg,1
img_3656.jpg,1
img_3959.jpg,1
img_7447.jpg,1
img_3434.jpg,1
img_7503.jpg,1
img_5641.jpg,1
img_2330.jpg,1
img_2186.jpg,1
img_5100.jpg,1
img_3336.jpg,1
img_5311.jpg,1
img_2777.jpg,1
img_5489.jpg,1
img_6880.jpg,1
img_4830.jpg,1
img_4139.jpg,1
img_5600.jpg,1
img_6391.jpg,1
img_5745.jpg,1
img_107.jpg,0
img_5485.jpg,1
img_6882.jpg,1
img_3695.jpg,1
img_6114.jpg,1
img_6561.jpg,1
img_7626.jpg,1
img_4124.jpg,1
img_703.jpg,0
img_6153.jpg,1
img_1678.jpg,1
img_7541.jpg,1
img_875.jpg,0
img_5171.jpg,1
img_286.jpg,0
img_1215.jpg,1
img_4510.jpg,1
img_6790.jpg,1
img_895.jpg,0
img_1116.jpg,1
img_6073.jpg,1
img_5063.jpg,1
img_3820.jpg,1
img_2466.jpg,1
img_212.jpg,0
img_2332.jpg,1
img_1131.jpg,1
img_2022.jpg,1
img_5822.jpg,1
img_2791.jpg,1
img_6715.jpg,1
img_4688.jpg,1
img_2131.jpg,1
img_1941.jpg,1
img_313.jpg,0
img_1783.jpg,1
img_3054.jpg,1
img_1311.jpg,1
img_3977.jpg,1
img_593.jpg,0
img_5602.jpg,1
img_2820.jpg,1
img_3089.jpg,1
img_6545.jpg,1
img_4734.jpg,1
img_527.jpg,0
img_65.jpg,0
img_6121.jpg,1
img_6599.jpg,1
img_1425.jpg,1
img_750.jpg,0
img_7557.jpg,1
img_5145.jpg,1
img_6405.jpg,1
img_613.jpg,0
img_1364.jpg,1
img_3068.jpg,1
img_7439.jpg,1
img_1012.jpg,0
img_7795.jpg,1
img_2699.jpg,1
img_1092.jpg,0
img_2010.jpg,1
img_417.jpg,0
img_1157.jpg,1
img_3107.jpg,1
img_1059.jpg,0
img_5284.jpg,1
img_5148.jpg,1
img_4698.jpg,1
img_7392.jpg,1
img_896.jpg,0
img_2265.jpg,1
img_4847.jpg,1
img_7809.jpg,1
img_4341.jpg,1
img_5141.jpg,1
img_3078.jpg,1
img_1899.jpg,1
img_6847.jpg,1
img_153.jpg,0
img_3067.jpg,1
img_6132.jpg,1
img_1392.jpg,1
img_7334.jpg,1
img_3707.jpg,1
img_3831.jpg,1
img_1194.jpg,1
img_5639.jpg,1
img_2540.jpg,1
img_6193.jpg,1
img_2904.jpg,1
img_4466.jpg,1
img_1064.jpg,0
img_6746.jpg,1
img_3486.jpg,1
img_3328.jpg,1
img_1613.jpg,1
img_1760.jpg,1
img_6765.jpg,1
img_1406.jpg,1
img_7064.jpg,1
img_82.jpg,0
img_5931.jpg,1
img_6848.jpg,1
img_3101.jpg,1
img_4109.jpg,1
img_7139.jpg,1
img_4658.jpg,1
img_6282.jpg,1
img_4795.jpg,1
img_5787.jpg,1
img_5484.jpg,1
img_7445.jpg,1
img_3300.jpg,1
img_399.jpg,0
img_2999.jpg,1
img_6543.jpg,1
img_1417.jpg,1
img_4019.jpg,1
img_1844.jpg,1
img_5819.jpg,1
img_7565.jpg,1
img_2960.jpg,1
img_7297.jpg,1
img_1344.jpg,1
img_4368.jpg,1
img_2155.jpg,1
img_6796.jpg,1
img_1075.jpg,0
img_1037.jpg,0
img_1795.jpg,1
img_559.jpg,0
img_2334.jpg,1
img_2381.jpg,1
img_4320.jpg,1
img_7033.jpg,1
img_4994.jpg,1
img_2400.jpg,1
img_2549.jpg,1
img_3939.jpg,1
img_138.jpg,0
img_5411.jpg,1
img_6517.jpg,1
img_2685.jpg,1
img_3310.jpg,1
img_1189.jpg,1
img_5293.jpg,1
img_5438.jpg,1
img_3877.jpg,1
img_3338.jpg,1
img_7007.jpg,1
img_5999.jpg,1
img_2300.jpg,1
img_210.jpg,0
img_1877.jpg,1
img_4985.jpg,1
img_5098.jpg,1
img_7027.jpg,1
img_2901.jpg,1
img_5255.jpg,1
img_5466.jpg,1
img_3576.jpg,1
img_7368.jpg,1
img_1845.jpg,1
img_2632.jpg,1
img_3279.jpg,1
img_1198.jpg,1
img_1697.jpg,1
img_7060.jpg,1
img_685.jpg,0
img_485.jpg,0
img_3304.jpg,1
img_5287.jpg,1
img_2946.jpg,1
img_1728.jpg,1
img_6903.jpg,1
img_5046.jpg,1
img_3683.jpg,1
img_7109.jpg,1
img_367.jpg,0
img_1030.jpg,0
img_105.jpg,0
img_2388.jpg,1
img_5973.jpg,1
img_2537.jpg,1
img_311.jpg,0
img_7752.jpg,1
img_5840.jpg,1
img_2190.jpg,1
img_1373.jpg,1
img_5067.jpg,1
img_5693.jpg,1
img_630.jpg,0
img_6947.jpg,1
img_7162.jpg,1
img_7602.jpg,1
img_6674.jpg,1
img_6165.jpg,1
img_164.jpg,0
img_2586.jpg,1
img_2819.jpg,1
img_5207.jpg,1
img_7540.jpg,1
img_2801.jpg,1
img_4370.jpg,1
img_5534.jpg,1
img_5453.jpg,1
img_4160.jpg,1
img_3559.jpg,1
img_7604.jpg,1
img_2930.jpg,1
img_4426.jpg,1
img_2307.jpg,1
img_7575.jpg,1
img_296.jpg,0
img_4334.jpg,1
img_5226.jpg,1
img_7437.jpg,1
img_2742.jpg,1
img_1421.jpg,1
img_6027.jpg,1
img_5958.jpg,1
img_1521.jpg,1
img_765.jpg,0
img_2090.jpg,1
img_2790.jpg,1
img_6870.jpg,1
img_1768.jpg,1
img_845.jpg,0
img_712.jpg,0
img_5405.jpg,1
img_7618.jpg,1
img_950.jpg,0
img_1528.jpg,1
img_468.jpg,0
img_706.jpg,0
img_3036.jpg,1
img_1385.jpg,1
img_7727.jpg,1
img_4431.jpg,1
img_227.jpg,0
img_149.jpg,0
img_6522.jpg,1
img_1650.jpg,1
img_2053.jpg,1
img_1868.jpg,1
img_2130.jpg,1
img_5495.jpg,1
img_3241.jpg,1
img_7403.jpg,1
img_3644.jpg,1
img_6215.jpg,1
img_6709.jpg,1
img_5825.jpg,1
img_4171.jpg,1
img_4110.jpg,1
img_6616.jpg,1
img_734.jpg,0
img_4234.jpg,1
img_5343.jpg,1
img_4281.jpg,1
img_3471.jpg,1
img_1307.jpg,1
img_5109.jpg,1
img_1186.jpg,1
img_1920.jpg,1
img_6887.jpg,1
img_7157.jpg,1
img_4595.jpg,1
img_2409.jpg,1
img_3553.jpg,1
img_2214.jpg,1
img_591.jpg,0
img_3736.jpg,1
img_6839.jpg,1
img_5578.jpg,1
img_7758.jpg,1
img_1529.jpg,1
img_4984.jpg,1
img_1909.jpg,1
img_6040.jpg,1
img_2944.jpg,1
img_3615.jpg,1
img_291.jpg,0
img_3423.jpg,1
img_3050.jpg,1
img_913.jpg,0
img_6956.jpg,1
img_3851.jpg,1
img_6311.jpg,1
img_2916.jpg,1
img_917.jpg,0
img_543.jpg,0
img_6213.jpg,1
img_2717.jpg,1
img_5909.jpg,1
img_7741.jpg,1
img_1582.jpg,1
img_2199.jpg,1
img_4020.jpg,1
img_2992.jpg,1
img_7704.jpg,1
img_1916.jpg,1
img_6133.jpg,1
img_4333.jpg,1
img_1631.jpg,1
img_411.jpg,0
img_2885.jpg,1
img_7761.jpg,1
img_6975.jpg,1
img_7808.jpg,1
img_3377.jpg,1
img_4939.jpg,1
img_6549.jpg,1
img_1781.jpg,1
img_2078.jpg,1
img_125.jpg,0
img_603.jpg,0
img_3121.jpg,1
img_5342.jpg,1
img_7285.jpg,1
img_2243.jpg,1
img_5346.jpg,1
img_554.jpg,0
img_5964.jpg,1
img_2996.jpg,1
img_5277.jpg,1
img_7036.jpg,1
img_355.jpg,0
img_4321.jpg,1
img_507.jpg,0
img_2200.jpg,1
img_3057.jpg,1
img_2774.jpg,1
img_6818.jpg,1
img_322.jpg,0
img_3193.jpg,1
img_529.jpg,0
img_7793.jpg,1
img_1566.jpg,1
img_3285.jpg,1
img_7623.jpg,1
img_4834.jpg,1
img_1324.jpg,1
img_2114.jpg,1
img_3115.jpg,1
img_4992.jpg,1
img_2590.jpg,1
img_7559.jpg,1
img_5331.jpg,1
img_6976.jpg,1
img_4101.jpg,1
img_7422.jpg,1
img_1401.jpg,1
img_6334.jpg,1
img_2182.jpg,1
img_7471.jpg,1
img_169.jpg,0
img_1618.jpg,1
img_5027.jpg,1
img_961.jpg,0
img_958.jpg,0
img_5587.jpg,1
img_271.jpg,0
img_901.jpg,0
img_544.jpg,0
img_4054.jpg,1
img_6177.jpg,1
img_1576.jpg,1
img_302.jpg,0
img_4604.jpg,1
img_4309.jpg,1
img_5023.jpg,1
img_4549.jpg,1
img_4245.jpg,1
img_2254.jpg,1
img_4432.jpg,1
img_914.jpg,0
img_4420.jpg,1
img_933.jpg,0
img_2415.jpg,1
img_1886.jpg,1
img_4769.jpg,1
img_1644.jpg,1
img_6725.jpg,1
img_5044.jpg,1
img_5694.jpg,1
img_3716.jpg,1
img_626.jpg,0
img_6437.jpg,1
img_6826.jpg,1
img_4474.jpg,1
img_4236.jpg,1
img_3983.jpg,1
img_6636.jpg,1
img_6644.jpg,1
img_61.jpg,0
img_2818.jpg,1
img_174.jpg,0
img_6760.jpg,1
img_1172.jpg,1
img_4614.jpg,1
img_3828.jpg,1
img_3302.jpg,1
img_4215.jpg,1
img_3648.jpg,1
img_6637.jpg,1
img_5835.jpg,1
img_1362.jpg,1
img_1819.jpg,1
img_3671.jpg,1
img_7122.jpg,1
img_4773.jpg,1
img_4323.jpg,1
img_6342.jpg,1
img_581.jpg,0
img_3074.jpg,1
img_7633.jpg,1
img_708.jpg,0
img_5075.jpg,1
img_714.jpg,0
img_620.jpg,0
img_7118.jpg,1
img_1158.jpg,1
img_7043.jpg,1
img_1283.jpg,1
img_4518.jpg,1
img_7034.jpg,1
img_6900.jpg,1
img_5514.jpg,1
img_3452.jpg,1
img_844.jpg,0
img_6102.jpg,1
img_3487.jpg,1
img_5105.jpg,1
img_3578.jpg,1
img_1769.jpg,1
img_1332.jpg,1
img_7734.jpg,1
img_848.jpg,0
img_697.jpg,0
img_6187.jpg,1
img_1063.jpg,0
img_4495.jpg,1
img_746.jpg,0
img_4508.jpg,1
img_2953.jpg,1
img_278.jpg,0
img_4427.jpg,1
img_405.jpg,0
img_4381.jpg,1
img_4232.jpg,1
img_3488.jpg,1
img_5408.jpg,1
img_221.jpg,0
img_2658.jpg,1
img_4450.jpg,1
img_7063.jpg,1
img_5887.jpg,1
img_6612.jpg,1
img_4221.jpg,1
img_3681.jpg,1
img_1584.jpg,1
img_7277.jpg,1
img_4631.jpg,1
img_5130.jpg,1
img_249.jpg,0
img_2869.jpg,1
img_7242.jpg,1
img_3946.jpg,1
img_523.jpg,0
img_4317.jpg,1
img_7341.jpg,1
img_3773.jpg,1
img_1695.jpg,1
img_947.jpg,0
img_1709.jpg,1
img_3295.jpg,1
img_7711.jpg,1
img_1231.jpg,1
img_2095.jpg,1
img_7694.jpg,1
img_305.jpg,0
img_470.jpg,0
img_5159.jpg,1
img_7590.jpg,1
img_2933.jpg,1
img_4385.jpg,1
img_6274.jpg,1
img_2205.jpg,1
img_5651.jpg,1
img_6206.jpg,1
img_4659.jpg,1
img_1869.jpg,1
img_4819.jpg,1
img_6370.jpg,1
img_5938.jpg,1
img_5305.jpg,1
img_4929.jpg,1
img_4050.jpg,1
img_7573.jpg,1
img_3636.jpg,1
img_479.jpg,0
img_231.jpg,0
img_1811.jpg,1
img_6886.jpg,1
img_5155.jpg,1
img_7625.jpg,1
img_4339.jpg,1
img_3299.jpg,1
img_6395.jpg,1
img_5588.jpg,1
img_3914.jpg,1
img_6777.jpg,1
img_3769.jpg,1
img_5131.jpg,1
img_1201.jpg,1
img_6058.jpg,1
img_4656.jpg,1
img_1850.jpg,1
img_1912.jpg,1
img_2268.jpg,1
img_7619.jpg,1
img_5790.jpg,1
img_4962.jpg,1
img_7315.jpg,1
img_1146.jpg,1
img_1976.jpg,1
img_2085.jpg,1
img_3148.jpg,1
img_5168.jpg,1
img_3083.jpg,1
img_6970.jpg,1
img_4590.jpg,1
img_6782.jpg,1
img_3900.jpg,1
img_2001.jpg,1
img_3653.jpg,1
img_4036.jpg,1
img_5942.jpg,1
img_5013.jpg,1
img_2899.jpg,1
img_3117.jpg,1
img_6677.jpg,1
img_3349.jpg,1
img_1790.jpg,1
img_7276.jpg,1
img_6697.jpg,1
img_3955.jpg,1
img_1856.jpg,1
img_5584.jpg,1
img_6157.jpg,1
img_3162.jpg,1
img_994.jpg,0
img_4100.jpg,1
img_817.jpg,0
img_1405.jpg,1
img_935.jpg,0
img_926.jpg,0
img_6117.jpg,1
img_236.jpg,0
img_4146.jpg,1
img_1234.jpg,1
img_344.jpg,0
img_93.jpg,0
img_2333.jpg,1
img_4173.jpg,1
img_7296.jpg,1
img_3024.jpg,1
img_1636.jpg,1
img_1552.jpg,1
img_3134.jpg,1
img_6236.jpg,1
img_3912.jpg,1
img_2452.jpg,1
img_6530.jpg,1
img_3029.jpg,1
img_3396.jpg,1
img_6797.jpg,1
img_5906.jpg,1
img_3278.jpg,1
img_2108.jpg,1
img_4721.jpg,1
img_4882.jpg,1
img_3321.jpg,1
img_0.jpg,0
img_6675.jpg,1
img_5549.jpg,1
img_7381.jpg,1
img_4703.jpg,1
img_285.jpg,0
img_6189.jpg,1
img_5326.jpg,1
img_1206.jpg,1
img_1402.jpg,1
img_2376.jpg,1
img_4479.jpg,1
img_7193.jpg,1
img_114.jpg,0
img_5994.jpg,1
img_4113.jpg,1
img_7404.jpg,1
img_6047.jpg,1
img_4081.jpg,1
img_1812.jpg,1
img_6647.jpg,1
img_6398.jpg,1
img_1879.jpg,1
img_5427.jpg,1
img_5361.jpg,1
img_6912.jpg,1
img_787.jpg,0
img_1443.jpg,1
img_511.jpg,0
img_6313.jpg,1
img_456.jpg,0
img_6853.jpg,1
img_4884.jpg,1
img_2603.jpg,1
img_3110.jpg,1
img_145.jpg,0
img_2629.jpg,1
img_3266.jpg,1
img_6485.jpg,1
img_3084.jpg,1
img_7519.jpg,1
img_5228.jpg,1
img_5923.jpg,1
img_127.jpg,0
img_5069.jpg,1
img_6386.jpg,1
img_7640.jpg,1
img_3306.jpg,1
img_7051.jpg,1
img_2335.jpg,1
img_1071.jpg,0
img_693.jpg,0
img_1493.jpg,1
img_319.jpg,0
img_4762.jpg,1
img_920.jpg,0
img_6037.jpg,1
img_245.jpg,0
img_6775.jpg,1
img_1165.jpg,1
img_3268.jpg,1
img_6452.jpg,1
img_2986.jpg,1
img_4653.jpg,1
img_4975.jpg,1
img_1366.jpg,1
img_5272.jpg,1
img_7440.jpg,1
img_3739.jpg,1
img_1680.jpg,1
img_999.jpg,0
img_4340.jpg,1
img_4327.jpg,1
img_2931.jpg,1
img_6136.jpg,1
img_3108.jpg,1
img_1491.jpg,1
img_5395.jpg,1
img_7345.jpg,1
img_1171.jpg,1
img_6385.jpg,1
img_255.jpg,0
img_6268.jpg,1
img_5135.jpg,1
img_3742.jpg,1
img_5853.jpg,1
img_6338.jpg,1
img_1864.jpg,1
img_6078.jpg,1
img_6413.jpg,1
img_743.jpg,0
img_4156.jpg,1
img_3958.jpg,1
img_3229.jpg,1
img_3236.jpg,1
img_2839.jpg,1
img_7578.jpg,1
img_1459.jpg,1
img_1718.jpg,1
img_6832.jpg,1
img_2055.jpg,1
img_2701.jpg,1
img_6916.jpg,1
img_7408.jpg,1
img_1280.jpg,1
img_6869.jpg,1
img_6035.jpg,1
img_6872.jpg,1
img_1389.jpg,1
img_7192.jpg,1
img_5657.jpg,1
img_3041.jpg,1
img_2796.jpg,1
img_3005.jpg,1
img_5020.jpg,1
img_5389.jpg,1
img_340.jpg,0
img_2564.jpg,1
img_7609.jpg,1
img_1481.jpg,1
img_2266.jpg,1
img_4757.jpg,1
img_4446.jpg,1
img_5772.jpg,1
img_7359.jpg,1
img_265.jpg,0
img_5593.jpg,1
img_6186.jpg,1
img_7684.jpg,1
img_2086.jpg,1
img_6150.jpg,1
img_4831.jpg,1
img_5321.jpg,1
img_963.jpg,0
img_2886.jpg,1
img_761.jpg,0
img_1292.jpg,1
img_7531.jpg,1
img_6066.jpg,1
img_7035.jpg,1
img_4793.jpg,1
img_3662.jpg,1
img_77.jpg,0
img_394.jpg,0
img_2380.jpg,1
img_1787.jpg,1
img_547.jpg,0
img_1468.jpg,1
img_1785.jpg,1
img_590.jpg,0
img_5528.jpg,1
img_3991.jpg,1
img_6312.jpg,1
img_1829.jpg,1
img_1367.jpg,1
img_1050.jpg,0
img_6809.jpg,1
img_6502.jpg,1
img_2654.jpg,1
img_2882.jpg,1
img_5960.jpg,1
img_2615.jpg,1
img_7654.jpg,1
img_5183.jpg,1
img_2209.jpg,1
img_1865.jpg,1
img_892.jpg,0
img_1486.jpg,1
img_4350.jpg,1
img_2569.jpg,1
img_136.jpg,0
img_4090.jpg,1
img_7197.jpg,1
img_2542.jpg,1
img_5882.jpg,1
img_6993.jpg,1
img_923.jpg,0
img_3416.jpg,1
img_7045.jpg,1
img_2696.jpg,1
img_6436.jpg,1
img_1005.jpg,0
img_2887.jpg,1
img_1264.jpg,1
img_6827.jpg,1
img_4596.jpg,1
img_4308.jpg,1
img_3253.jpg,1
img_5318.jpg,1
img_7722.jpg,1
img_4021.jpg,1
img_5930.jpg,1
img_3118.jpg,1
img_5137.jpg,1
img_7164.jpg,1
img_7521.jpg,1
img_3931.jpg,1
img_7177.jpg,1
img_1996.jpg,1
img_2470.jpg,1
img_5510.jpg,1
img_1900.jpg,1
img_7537.jpg,1
img_1843.jpg,1
img_1434.jpg,1
img_561.jpg,0
img_1077.jpg,0
img_7420.jpg,1
img_7056.jpg,1
img_894.jpg,0
img_5611.jpg,1
img_7209.jpg,1
img_2239.jpg,1
img_1232.jpg,1
img_5860.jpg,1
img_4859.jpg,1
img_1181.jpg,1
img_5273.jpg,1
img_457.jpg,0
img_2371.jpg,1
img_5525.jpg,1
img_5569.jpg,1
img_1323.jpg,1
img_4865.jpg,1
img_595.jpg,0
img_196.jpg,0
img_3174.jpg,1
img_4150.jpg,1
img_449.jpg,0
img_4032.jpg,1
img_5397.jpg,1
img_3384.jpg,1
img_148.jpg,0
img_6259.jpg,1
img_3760.jpg,1
img_7455.jpg,1
img_2103.jpg,1
img_1927.jpg,1
img_4628.jpg,1
img_2581.jpg,1
img_7202.jpg,1
img_6115.jpg,1
img_2472.jpg,1
img_3864.jpg,1
img_711.jpg,0
img_6355.jpg,1
img_4544.jpg,1
img_2240.jpg,1
img_6663.jpg,1
img_5269.jpg,1
img_4724.jpg,1
img_2678.jpg,1
img_5400.jpg,1
img_4997.jpg,1
img_4208.jpg,1
img_888.jpg,0
img_6699.jpg,1
img_7681.jpg,1
img_2524.jpg,1
img_3504.jpg,1
img_7366.jpg,1
img_2106.jpg,1
img_2744.jpg,1
img_1351.jpg,1
img_772.jpg,0
img_7260.jpg,1
img_6632.jpg,1
img_3361.jpg,1
img_4332.jpg,1
img_4306.jpg,1
img_280.jpg,0
img_5537.jpg,1
img_4657.jpg,1
img_3876.jpg,1
img_2600.jpg,1
img_2346.jpg,1
img_2276.jpg,1
img_3741.jpg,1
img_4553.jpg,1
img_4193.jpg,1
img_4256.jpg,1
img_165.jpg,0
img_4105.jpg,1
img_5880.jpg,1
img_6001.jpg,1
img_6767.jpg,1
img_1807.jpg,1
img_3947.jpg,1
img_6514.jpg,1
img_5262.jpg,1
img_3130.jpg,1
img_2671.jpg,1
img_2192.jpg,1
img_5093.jpg,1
img_423.jpg,0
img_5307.jpg,1
img_5315.jpg,1
img_4252.jpg,1
img_877.jpg,0
img_2231.jpg,1
img_7753.jpg,1
img_5223.jpg,1
img_3845.jpg,1
img_1212.jpg,1
img_3990.jpg,1
img_7478.jpg,1
img_7065.jpg,1
img_7344.jpg,1
img_89.jpg,0
img_4548.jpg,1
img_2620.jpg,1
img_2606.jpg,1
img_2475.jpg,1
img_2357.jpg,1
img_576.jpg,0
img_5194.jpg,1
img_6188.jpg,1
img_1055.jpg,0
img_5645.jpg,1
img_5090.jpg,1
img_522.jpg,0
img_5522.jpg,1
img_1074.jpg,0
img_5426.jpg,1
img_6897.jpg,1
img_6448.jpg,1
img_3796.jpg,1
img_4010.jpg,1
img_6578.jpg,1
img_4991.jpg,1
img_7434.jpg,1
img_2116.jpg,1
img_5667.jpg,1
img_4365.jpg,1
img_4730.jpg,1
img_5613.jpg,1
img_4424.jpg,1
img_2813.jpg,1
img_3883.jpg,1
img_3385.jpg,1
img_5793.jpg,1
img_7058.jpg,1
img_2009.jpg,1
img_6855.jpg,1
img_6243.jpg,1
img_1383.jpg,1
img_2935.jpg,1
img_7510.jpg,1
img_2745.jpg,1
img_390.jpg,0
img_3191.jpg,1
img_2677.jpg,1
img_3907.jpg,1
img_480.jpg,0
img_90.jpg,0
img_284.jpg,0
img_2115.jpg,1
img_3628.jpg,1
img_596.jpg,0
img_4203.jpg,1
img_786.jpg,0
img_2187.jpg,1
img_4979.jpg,1
img_4120.jpg,1
img_3673.jpg,1
img_4525.jpg,1
img_3564.jpg,1
img_3293.jpg,1
img_6234.jpg,1
img_4915.jpg,1
img_667.jpg,0
img_2226.jpg,1
img_5467.jpg,1
img_7376.jpg,1
img_7698.jpg,1
img_4131.jpg,1
img_2580.jpg,1
img_1325.jpg,1
img_6368.jpg,1
img_260.jpg,0
img_4310.jpg,1
img_2830.jpg,1
img_545.jpg,0
img_3113.jpg,1
img_4592.jpg,1
img_4953.jpg,1
img_7032.jpg,1
img_2194.jpg,1
img_3953.jpg,1
img_4821.jpg,1
img_4937.jpg,1
img_3442.jpg,1
img_4870.jpg,1
img_739.jpg,0
img_3547.jpg,1
img_2405.jpg,1
img_5953.jpg,1
img_1479.jpg,1
img_2484.jpg,1
img_2432.jpg,1
img_4453.jpg,1
img_5936.jpg,1
img_1562.jpg,1
img_5073.jpg,1
img_7701.jpg,1
img_809.jpg,0
img_1257.jpg,1
img_4211.jpg,1
img_5267.jpg,1
img_237.jpg,0
img_5445.jpg,1
img_408.jpg,0
img_3692.jpg,1
img_679.jpg,0
img_4976.jpg,1
img_643.jpg,0
img_6516.jpg,1
img_970.jpg,0
img_3545.jpg,1
img_4539.jpg,1
img_3479.jpg,1
img_512.jpg,0
img_5567.jpg,1
img_5852.jpg,1
img_4661.jpg,1
img_4016.jpg,1
img_5530.jpg,1
img_532.jpg,0
img_7248.jpg,1
img_198.jpg,0
img_6180.jpg,1
img_7087.jpg,1
img_2684.jpg,1
img_3917.jpg,1
img_6604.jpg,1
img_2151.jpg,1
img_7180.jpg,1
img_2578.jpg,1
img_6571.jpg,1
img_3970.jpg,1
img_5917.jpg,1
img_652.jpg,0
img_329.jpg,0
img_2042.jpg,1
img_3590.jpg,1
img_4816.jpg,1
img_1255.jpg,1
img_6094.jpg,1
img_5225.jpg,1
img_2782.jpg,1
img_4862.jpg,1
img_517.jpg,0
img_2991.jpg,1
img_3160.jpg,1
img_2587.jpg,1
img_3020.jpg,1
img_4856.jpg,1
img_3517.jpg,1
img_5768.jpg,1
img_3924.jpg,1
img_6417.jpg,1
img_7642.jpg,1
img_2937.jpg,1
img_4785.jpg,1
img_2133.jpg,1
img_2592.jpg,1
img_832.jpg,0
img_629.jpg,0
img_3922.jpg,1
img_6088.jpg,1
img_1813.jpg,1
img_2401.jpg,1
img_1365.jpg,1
img_5780.jpg,1
img_5730.jpg,1
img_100.jpg,0
img_7505.jpg,1
img_6.jpg,0
img_2563.jpg,1
img_1689.jpg,1
img_1259.jpg,1
img_1574.jpg,1
img_2674.jpg,1
img_4950.jpg,1
img_6083.jpg,1
img_7333.jpg,1
img_352.jpg,0
img_2694.jpg,1
img_3286.jpg,1
img_2983.jpg,1
img_6807.jpg,1
img_2491.jpg,1
img_377.jpg,0
img_45.jpg,0
img_5844.jpg,1
img_3332.jpg,1
img_3623.jpg,1
img_3975.jpg,1
img_6276.jpg,1
img_993.jpg,0
img_6081.jpg,1
img_2836.jpg,1
img_7383.jpg,1
img_6787.jpg,1
img_4523.jpg,1
img_6991.jpg,1
img_4039.jpg,1
img_5866.jpg,1
img_7436.jpg,1
img_4587.jpg,1
img_2206.jpg,1
img_5388.jpg,1
img_6642.jpg,1
img_3954.jpg,1
img_2201.jpg,1
img_76.jpg,0
img_6472.jpg,1
img_4034.jpg,1
img_674.jpg,0
img_2672.jpg,1
img_625.jpg,0
img_594.jpg,0
img_4820.jpg,1
img_5401.jpg,1
img_6100.jpg,1
img_3886.jpg,1
img_4070.jpg,1
img_5811.jpg,1
img_3803.jpg,1
img_5349.jpg,1
img_1956.jpg,1
img_5198.jpg,1
img_3702.jpg,1
img_7289.jpg,1
img_5618.jpg,1
img_6671.jpg,1
img_6959.jpg,1
img_1039.jpg,0
img_1859.jpg,1
img_4879.jpg,1
img_1345.jpg,1
img_6938.jpg,1
img_1979.jpg,1
img_5079.jpg,1
img_3685.jpg,1
img_3735.jpg,1
img_3505.jpg,1
img_2355.jpg,1
img_5650.jpg,1
img_1251.jpg,1
img_879.jpg,0
img_50.jpg,0
img_3004.jpg,1
img_5193.jpg,1
img_1873.jpg,1
img_810.jpg,0
img_220.jpg,0
img_2430.jpg,1
img_6152.jpg,1
img_6838.jpg,1
img_3002.jpg,1
img_6467.jpg,1
img_4015.jpg,1
img_5275.jpg,1
img_2327.jpg,1
img_3966.jpg,1
img_2277.jpg,1
img_6962.jpg,1
img_5289.jpg,1
img_3353.jpg,1
img_2463.jpg,1
img_1447.jpg,1
img_2515.jpg,1
img_5622.jpg,1
img_7686.jpg,1
img_3055.jpg,1
img_7201.jpg,1
img_1925.jpg,1
img_2514.jpg,1
img_1008.jpg,0
img_3322.jpg,1
img_3918.jpg,1
img_1439.jpg,1
img_4375.jpg,1
img_4760.jpg,1
img_741.jpg,0
img_925.jpg,0
img_44.jpg,0
img_3766.jpg,1
img_2509.jpg,1
img_5897.jpg,1
img_7015.jpg,1
img_4326.jpg,1
img_4697.jpg,1
img_5283.jpg,1
img_6442.jpg,1
img_3475.jpg,1
img_5661.jpg,1
img_2972.jpg,1
img_3777.jpg,1
img_7670.jpg,1
img_3064.jpg,1
img_7028.jpg,1
img_3880.jpg,1
img_25.jpg,0
img_689.jpg,0
img_6984.jpg,1
img_3246.jpg,1
img_7255.jpg,1
img_518.jpg,0
img_6788.jpg,1
img_2710.jpg,1
img_6772.jpg,1
img_7788.jpg,1
img_4752.jpg,1
img_6861.jpg,1
img_1462.jpg,1
img_1109.jpg,0
img_5006.jpg,1
img_4652.jpg,1
img_7812.jpg,1
img_7725.jpg,1
img_908.jpg,0
img_1094.jpg,0
img_4964.jpg,1
img_1079.jpg,0
img_3701.jpg,1
img_3871.jpg,1
img_904.jpg,0
img_4866.jpg,1
img_6819.jpg,1
img_7393.jpg,1
img_5119.jpg,1
img_223.jpg,0
img_513.jpg,0
img_493.jpg,0
img_1643.jpg,1
img_2395.jpg,1
img_7102.jpg,1
img_2275.jpg,1
img_893.jpg,0
img_6377.jpg,1
img_58.jpg,0
img_5230.jpg,1
img_7685.jpg,1
img_7042.jpg,1
img_2612.jpg,1
img_516.jpg,0
img_4425.jpg,1
img_2856.jpg,1
img_7229.jpg,1
img_4447.jpg,1
img_1903.jpg,1
img_6569.jpg,1
img_1777.jpg,1
img_2070.jpg,1
img_2242.jpg,1
img_1897.jpg,1
img_7415.jpg,1
img_5320.jpg,1
img_6491.jpg,1
img_7240.jpg,1
img_5449.jpg,1
img_7494.jpg,1
img_6538.jpg,1
img_5842.jpg,1
img_4064.jpg,1
img_5487.jpg,1
img_1510.jpg,1
img_3665.jpg,1
img_3.jpg,0
img_5858.jpg,1
img_5104.jpg,1
img_6704.jpg,1
img_5191.jpg,1
img_5739.jpg,1
img_3138.jpg,1
img_1972.jpg,1
img_1230.jpg,1
img_3678.jpg,1
img_7117.jpg,1
img_1797.jpg,1
img_2942.jpg,1
img_6125.jpg,1
img_6171.jpg,1
img_2286.jpg,1
img_3903.jpg,1
img_4641.jpg,1
img_5190.jpg,1
img_225.jpg,0
img_1902.jpg,1
img_3430.jpg,1
img_2364.jpg,1
img_2464.jpg,1
img_1711.jpg,1
img_3357.jpg,1
img_5005.jpg,1
img_5726.jpg,1
img_2255.jpg,1
img_1184.jpg,1
img_5120.jpg,1
img_5341.jpg,1
img_1192.jpg,1
img_7198.jpg,1
img_6011.jpg,1
img_4162.jpg,1
img_2963.jpg,1
img_5234.jpg,1
img_1281.jpg,1
img_6170.jpg,1
img_5239.jpg,1
img_666.jpg,0
img_3951.jpg,1
img_5204.jpg,1
img_4576.jpg,1
img_7105.jpg,1
img_4597.jpg,1
img_2533.jpg,1
img_7673.jpg,1
img_2419.jpg,1
img_5907.jpg,1
img_3088.jpg,1
img_7023.jpg,1
img_1966.jpg,1
img_1203.jpg,1
img_3805.jpg,1
img_326.jpg,0
img_3335.jpg,1
img_1150.jpg,1
img_3467.jpg,1
img_6335.jpg,1
img_1495.jpg,1
img_2589.jpg,1
img_2994.jpg,1
img_356.jpg,0
img_2154.jpg,1
img_526.jpg,0
img_7272.jpg,1
img_256.jpg,0
img_4318.jpg,1
img_6724.jpg,1
img_4242.jpg,1
img_1427.jpg,1
img_1294.jpg,1
img_2786.jpg,1
img_422.jpg,0
img_4913.jpg,1
img_6199.jpg,1
img_3791.jpg,1
img_5265.jpg,1
img_3928.jpg,1
img_4272.jpg,1
img_4555.jpg,1
img_2328.jpg,1
img_657.jpg,0
img_1370.jpg,1
img_4665.jpg,1
img_515.jpg,0
img_4348.jpg,1
img_1793.jpg,1
img_872.jpg,0
img_773.jpg,0
img_3800.jpg,1
img_3305.jpg,1
img_1473.jpg,1
img_135.jpg,0
img_222.jpg,0
img_6260.jpg,1
img_1637.jpg,1
img_2294.jpg,1
img_1305.jpg,1
img_2831.jpg,1
img_213.jpg,0
img_5432.jpg,1
img_1698.jpg,1
img_4577.jpg,1
img_3807.jpg,1
img_6098.jpg,1
img_3535.jpg,1
img_4243.jpg,1
img_7526.jpg,1
img_2372.jpg,1
img_5669.jpg,1
img_2657.jpg,1
img_3407.jpg,1
img_4811.jpg,1
img_2788.jpg,1
img_4108.jpg,1
img_1130.jpg,1
img_7710.jpg,1
img_5116.jpg,1
img_5603.jpg,1
img_7141.jpg,1
img_4355.jpg,1
img_7150.jpg,1
img_3140.jpg,1
img_4191.jpg,1
img_6661.jpg,1
img_6025.jpg,1
img_736.jpg,0
img_7547.jpg,1
img_24.jpg,0
img_6240.jpg,1
img_3497.jpg,1
img_3790.jpg,1
img_2443.jpg,1
img_4607.jpg,1
img_5264.jpg,1
img_6071.jpg,1
img_5403.jpg,1
img_6062.jpg,1
img_4434.jpg,1
img_7556.jpg,1
img_6905.jpg,1
img_7171.jpg,1
img_2833.jpg,1
img_4280.jpg,1
img_175.jpg,0
img_316.jpg,0
img_3276.jpg,1
img_7305.jpg,1
img_2020.jpg,1
img_97.jpg,0
img_2670.jpg,1
img_3584.jpg,1
img_3740.jpg,1
img_3280.jpg,1
img_1204.jpg,1
img_4896.jpg,1
img_1144.jpg,1
img_2664.jpg,1
img_7522.jpg,1
img_6774.jpg,1
img_2024.jpg,1
img_2767.jpg,1
img_1197.jpg,1
img_5329.jpg,1
img_2228.jpg,1
img_755.jpg,0
img_661.jpg,0
img_5892.jpg,1
img_7339.jpg,1
img_6444.jpg,1
img_7048.jpg,1
img_4897.jpg,1
img_7386.jpg,1
img_5442.jpg,1
img_7133.jpg,1
img_6602.jpg,1
img_823.jpg,0
img_349.jpg,0
img_5674.jpg,1
img_7398.jpg,1
img_6103.jpg,1
img_4403.jpg,1
img_7451.jpg,1
img_5038.jpg,1
img_5144.jpg,1
img_1422.jpg,1
img_5011.jpg,1
img_3872.jpg,1
img_3166.jpg,1
img_7558.jpg,1
img_2529.jpg,1
img_4583.jpg,1
img_1831.jpg,1
img_7716.jpg,1
img_3942.jpg,1
img_2157.jpg,1
img_5409.jpg,1
img_2518.jpg,1
img_66.jpg,0
img_6045.jpg,1
img_306.jpg,0
img_6509.jpg,1
img_7132.jpg,1
img_4073.jpg,1
img_2217.jpg,1
img_2649.jpg,1
img_4282.jpg,1
img_299.jpg,0
img_3552.jpg,1
img_4471.jpg,1
img_4561.jpg,1
img_2609.jpg,1
img_3072.jpg,1
img_3841.jpg,1
img_6940.jpg,1
img_1971.jpg,1
img_2003.jpg,1
img_3981.jpg,1
img_3007.jpg,1
img_5703.jpg,1
img_420.jpg,0
img_3997.jpg,1
img_1906.jpg,1
img_1942.jpg,1
img_1746.jpg,1
img_4435.jpg,1
img_2017.jpg,1
img_7174.jpg,1
img_6217.jpg,1
img_7402.jpg,1
img_6740.jpg,1
img_726.jpg,0
img_824.jpg,0
img_6019.jpg,1
img_1372.jpg,1
img_431.jpg,0
img_2705.jpg,1
img_3848.jpg,1
img_3528.jpg,1
img_2712.jpg,1
img_3599.jpg,1
img_599.jpg,0
img_1621.jpg,1
img_2989.jpg,1
img_7130.jpg,1
img_1145.jpg,1
img_7458.jpg,1
img_4692.jpg,1
img_7452.jpg,1
img_2152.jpg,1
img_486.jpg,0
img_1924.jpg,1
img_1545.jpg,1
img_4465.jpg,1
img_4459.jpg,1
img_4483.jpg,1
img_5697.jpg,1
img_439.jpg,0
img_2675.jpg,1
img_7346.jpg,1
img_4114.jpg,1
img_6278.jpg,1
img_7385.jpg,1
img_3729.jpg,1
img_2702.jpg,1
img_4383.jpg,1
img_2789.jpg,1
img_713.jpg,0
img_771.jpg,0
img_6032.jpg,1
img_2188.jpg,1
img_144.jpg,0
img_5947.jpg,1
img_6431.jpg,1
img_4858.jpg,1
img_7709.jpg,1
img_4470.jpg,1
img_320.jpg,0
img_3301.jpg,1
img_6495.jpg,1
img_534.jpg,0
img_4410.jpg,1
img_4278.jpg,1
img_4550.jpg,1
img_5377.jpg,1
img_4468.jpg,1
img_4947.jpg,1
img_6960.jpg,1
img_718.jpg,0
img_3205.jpg,1
img_2044.jpg,1
img_4591.jpg,1
img_3056.jpg,1
img_4513.jpg,1
img_88.jpg,0
img_7005.jpg,1
img_2450.jpg,1
img_4473.jpg,1
img_5861.jpg,1
img_6155.jpg,1
img_5565.jpg,1
img_5386.jpg,1
img_6433.jpg,1
img_2433.jpg,1
img_2434.jpg,1
img_4857.jpg,1
img_2763.jpg,1
img_3251.jpg,1
img_4255.jpg,1
img_2857.jpg,1
img_7429.jpg,1
img_665.jpg,0
img_6110.jpg,1
img_7723.jpg,1
img_5899.jpg,1
img_7217.jpg,1
img_5452.jpg,1
img_979.jpg,0
img_7773.jpg,1
img_1205.jpg,1
img_6120.jpg,1
img_3571.jpg,1
img_798.jpg,0
img_3863.jpg,1
img_2483.jpg,1
img_2583.jpg,1
img_1946.jpg,1
img_7534.jpg,1
img_5256.jpg,1
img_1452.jpg,1
img_497.jpg,0
img_5473.jpg,1
img_2325.jpg,1
img_7262.jpg,1
img_5218.jpg,1
img_3938.jpg,1
img_4083.jpg,1
img_7514.jpg,1
img_7258.jpg,1
img_5902.jpg,1
img_785.jpg,0
img_1093.jpg,0
img_1091.jpg,0
img_4855.jpg,1
img_6319.jpg,1
img_4883.jpg,1
img_1200.jpg,1
img_5803.jpg,1
img_4132.jpg,1
img_589.jpg,0
img_4895.jpg,1
img_1892.jpg,1
img_2950.jpg,1
img_1681.jpg,1
img_6605.jpg,1
img_533.jpg,0
img_2191.jpg,1
img_7029.jpg,1
img_4115.jpg,1
img_6665.jpg,1
img_5200.jpg,1
img_2545.jpg,1
img_4392.jpg,1
img_51.jpg,0
img_3206.jpg,1
img_3558.jpg,1
img_3818.jpg,1
img_139.jpg,0
img_2137.jpg,1
img_5110.jpg,1
img_2488.jpg,1
img_2178.jpg,1
img_1852.jpg,1
img_7461.jpg,1
img_3594.jpg,1
img_6159.jpg,1
img_2297.jpg,1
img_1615.jpg,1
img_6015.jpg,1
img_4648.jpg,1
img_1409.jpg,1
img_5889.jpg,1
img_5743.jpg,1
img_4712.jpg,1
img_5184.jpg,1
img_6042.jpg,1
img_728.jpg,0
img_5792.jpg,1
img_2841.jpg,1
img_5504.jpg,1
img_6609.jpg,1
img_3793.jpg,1
img_5783.jpg,1
img_7721.jpg,1
img_4229.jpg,1
img_2436.jpg,1
img_3031.jpg,1
img_238.jpg,0
img_7756.jpg,1
img_3808.jpg,1
img_292.jpg,0
img_4076.jpg,1
img_7178.jpg,1
img_7081.jpg,1
img_5360.jpg,1
img_1858.jpg,1
img_69.jpg,0
img_7533.jpg,1
img_7203.jpg,1
img_575.jpg,0
img_4419.jpg,1
img_801.jpg,0
img_2748.jpg,1
img_7254.jpg,1
img_5658.jpg,1
img_4058.jpg,1
img_2975.jpg,1
img_3149.jpg,1
img_7335.jpg,1
img_2474.jpg,1
img_5925.jpg,1
img_3715.jpg,1
img_500.jpg,0
img_5570.jpg,1
img_2118.jpg,1
img_1217.jpg,1
img_4458.jpg,1
img_3718.jpg,1
img_5677.jpg,1
img_5323.jpg,1
img_3443.jpg,1
img_4593.jpg,1
img_946.jpg,0
img_2561.jpg,1
img_3934.jpg,1
img_6007.jpg,1
img_1585.jpg,1
img_2534.jpg,1
img_525.jpg,0
img_5707.jpg,1
img_6913.jpg,1
img_4205.jpg,1
img_2181.jpg,1
img_6231.jpg,1
img_6763.jpg,1
img_7777.jpg,1
img_1070.jpg,0
img_333.jpg,0
img_6183.jpg,1
img_4800.jpg,1
img_7061.jpg,1
img_2929.jpg,1
img_1591.jpg,1
img_4636.jpg,1
img_6529.jpg,1
img_3258.jpg,1
img_395.jpg,0
img_1792.jpg,1
img_3182.jpg,1
img_6531.jpg,1
img_1923.jpg,1
img_5382.jpg,1
img_7231.jpg,1
img_6680.jpg,1
img_4412.jpg,1
img_3459.jpg,1
img_7267.jpg,1
img_6591.jpg,1
img_1220.jpg,1
img_5859.jpg,1
img_558.jpg,0
img_6397.jpg,1
img_911.jpg,0
img_3323.jpg,1
img_6998.jpg,1
img_281.jpg,0
img_48.jpg,0
img_5475.jpg,1
img_3551.jpg,1
img_2729.jpg,1
img_3746.jpg,1
img_4331.jpg,1
img_5180.jpg,1
img_3727.jpg,1
img_3764.jpg,1
img_1808.jpg,1
img_2271.jpg,1
img_5211.jpg,1
img_7292.jpg,1
img_951.jpg,0
img_2880.jpg,1
img_5009.jpg,1
img_7465.jpg,1
img_6308.jpg,1
img_4645.jpg,1
img_1629.jpg,1
img_3039.jpg,1
img_3281.jpg,1
img_3228.jpg,1
img_5480.jpg,1
img_2867.jpg,1
img_1683.jpg,1
img_2219.jpg,1
img_1391.jpg,1
img_1214.jpg,1
img_1449.jpg,1
img_5448.jpg,1
img_228.jpg,0
img_3318.jpg,1
img_5172.jpg,1
img_4805.jpg,1
img_6884.jpg,1
img_7125.jpg,1
img_7205.jpg,1
img_3577.jpg,1
img_3783.jpg,1
img_2077.jpg,1
img_7801.jpg,1
img_1720.jpg,1
img_1056.jpg,0
img_3315.jpg,1
img_3890.jpg,1
img_6686.jpg,1
img_7546.jpg,1
img_371.jpg,0
img_977.jpg,0
img_6914.jpg,1
img_4024.jpg,1
img_812.jpg,0
img_4231.jpg,1
img_434.jpg,0
img_6930.jpg,1
img_3015.jpg,1
img_5097.jpg,1
img_5972.jpg,1
img_5623.jpg,1
img_5375.jpg,1
img_2733.jpg,1
img_156.jpg,0
img_7191.jpg,1
img_5773.jpg,1
img_5746.jpg,1
img_660.jpg,0
img_506.jpg,0
img_5205.jpg,1
img_5236.jpg,1
img_5721.jpg,1
img_59.jpg,0
img_133.jpg,0
img_4509.jpg,1
img_6246.jpg,1
img_889.jpg,0
img_4421.jpg,1
img_6920.jpg,1
img_2092.jpg,1
img_3971.jpg,1
img_3616.jpg,1
img_1178.jpg,1
img_2596.jpg,1
img_3529.jpg,1
img_5786.jpg,1
img_3709.jpg,1
img_2119.jpg,1
img_1413.jpg,1
img_5511.jpg,1
img_7774.jpg,1
img_7697.jpg,1
img_5084.jpg,1
img_1796.jpg,1
img_7794.jpg,1
img_6425.jpg,1
img_2643.jpg,1
img_2408.jpg,1
img_4258.jpg,1
img_6781.jpg,1
img_208.jpg,0
img_5998.jpg,1
img_7050.jpg,1
img_7266.jpg,1
img_4804.jpg,1
img_1376.jpg,1
img_737.jpg,0
img_270.jpg,0
img_7208.jpg,1
img_1842.jpg,1
img_5016.jpg,1
img_4554.jpg,1
img_762.jpg,0
img_3560.jpg,1
img_4181.jpg,1
img_2479.jpg,1
img_1581.jpg,1
img_7735.jpg,1
img_6394.jpg,1
img_1580.jpg,1
img_7480.jpg,1
img_6304.jpg,1
img_5751.jpg,1
img_3190.jpg,1
img_1029.jpg,0
img_1657.jpg,1
img_4739.jpg,1
img_2530.jpg,1
img_5876.jpg,1
img_3672.jpg,1
img_1526.jpg,1
img_673.jpg,0
img_6449.jpg,1
img_5257.jpg,1
img_6256.jpg,1
img_939.jpg,0
img_1103.jpg,0
img_2071.jpg,1
img_4429.jpg,1
img_3586.jpg,1
img_6812.jpg,1
img_7683.jpg,1
img_1312.jpg,1
img_4871.jpg,1
img_4316.jpg,1
img_5370.jpg,1
img_5359.jpg,1
img_7475.jpg,1
img_1568.jpg,1
img_6097.jpg,1
img_1948.jpg,1
img_62.jpg,0
img_7674.jpg,1
img_3703.jpg,1
img_1500.jpg,1
img_3264.jpg,1
img_758.jpg,0
img_5488.jpg,1
img_839.jpg,0
img_4436.jpg,1
img_753.jpg,0
img_2406.jpg,1
img_7516.jpg,1
img_2873.jpg,1
img_1986.jpg,1
img_172.jpg,0
img_976.jpg,0
img_7241.jpg,1
img_5675.jpg,1
img_7667.jpg,1
img_5367.jpg,1
img_4213.jpg,1
img_4892.jpg,1
img_5922.jpg,1
img_5800.jpg,1
img_2969.jpg,1
img_5312.jpg,1
img_68.jpg,0
img_7342.jpg,1
img_1209.jpg,1
img_3376.jpg,1
img_6875.jpg,1
img_3291.jpg,1
img_2471.jpg,1
img_1319.jpg,1
img_6742.jpg,1
img_1599.jpg,1
img_6303.jpg,1
img_4725.jpg,1
img_5187.jpg,1
img_631.jpg,0
img_425.jpg,0
img_2601.jpg,1
img_331.jpg,0
img_427.jpg,0
img_3388.jpg,1
img_351.jpg,0
img_662.jpg,0
img_4848.jpg,1
img_6989.jpg,1
img_2842.jpg,1
img_334.jpg,0
img_4802.jpg,1
img_682.jpg,0
img_4959.jpg,1
img_2551.jpg,1
img_2373.jpg,1
img_1236.jpg,1
img_2269.jpg,1
img_3334.jpg,1
img_572.jpg,0
img_3176.jpg,1
img_2368.jpg,1
img_988.jpg,0
img_7204.jpg,1
img_2235.jpg,1
img_936.jpg,0
img_6508.jpg,1
img_2853.jpg,1
img_5559.jpg,1
img_1272.jpg,1
img_2343.jpg,1
img_4626.jpg,1
img_1753.jpg,1
img_3526.jpg,1
img_6396.jpg,1
img_4485.jpg,1
img_6049.jpg,1
img_2747.jpg,1
img_2383.jpg,1
img_6112.jpg,1
img_4849.jpg,1
img_4264.jpg,1
img_6714.jpg,1
img_2756.jpg,1
img_3629.jpg,1
img_6939.jpg,1
img_6332.jpg,1
img_1108.jpg,0
img_4300.jpg,1
img_1965.jpg,1
img_7448.jpg,1
img_409.jpg,0
img_5235.jpg,1
img_2979.jpg,1
img_4212.jpg,1
img_5337.jpg,1
img_3511.jpg,1
img_3639.jpg,1
img_3170.jpg,1
img_4669.jpg,1
img_157.jpg,0
img_1922.jpg,1
img_1646.jpg,1
img_789.jpg,0
img_3484.jpg,1
img_5673.jpg,1
img_881.jpg,0
img_308.jpg,0
img_6937.jpg,1
img_1918.jpg,1
img_6065.jpg,1
img_3949.jpg,1
img_2775.jpg,1
img_182.jpg,0
img_6669.jpg,1
img_6471.jpg,1
img_1291.jpg,1
img_5848.jpg,1
img_3604.jpg,1
img_5701.jpg,1
img_2426.jpg,1
img_551.jpg,0
img_1369.jpg,1
img_6489.jpg,1
img_4925.jpg,1
img_2350.jpg,1
img_4023.jpg,1
img_4603.jpg,1
img_4766.jpg,1
img_5628.jpg,1
img_6776.jpg,1
img_6690.jpg,1
img_5590.jpg,1
img_6631.jpg,1
img_3199.jpg,1
img_7677.jpg,1
img_3527.jpg,1
img_5533.jpg,1
img_849.jpg,0
img_5253.jpg,1
img_5045.jpg,1
img_6364.jpg,1
img_2570.jpg,1
img_7426.jpg,1
img_7501.jpg,1
img_3679.jpg,1
img_4535.jpg,1
img_1878.jpg,1
img_4741.jpg,1
img_2890.jpg,1
img_3822.jpg,1
img_2221.jpg,1
img_7096.jpg,1
img_5562.jpg,1
img_1352.jpg,1
img_764.jpg,0
img_3915.jpg,1
img_5317.jpg,1
img_3355.jpg,1
img_3569.jpg,1
img_5766.jpg,1
img_3572.jpg,1
img_3787.jpg,1
img_2361.jpg,1
img_653.jpg,0
img_6376.jpg,1
img_6325.jpg,1
img_4177.jpg,1
img_2467.jpg,1
img_3827.jpg,1
img_4408.jpg,1
img_7238.jpg,1
img_2241.jpg,1
img_7622.jpg,1
img_859.jpg,0
img_1004.jpg,0
img_4812.jpg,1
img_6971.jpg,1
img_7582.jpg,1
img_6050.jpg,1
img_2159.jpg,1
img_5580.jpg,1
img_2084.jpg,1
img_5937.jpg,1
img_6891.jpg,1
img_7223.jpg,1
img_5040.jpg,1
img_4017.jpg,1
img_6908.jpg,1
img_5147.jpg,1
img_1506.jpg,1
img_6967.jpg,1
img_6866.jpg,1
img_5680.jpg,1
img_5904.jpg,1
img_6822.jpg,1
img_6573.jpg,1
img_7787.jpg,1
img_4676.jpg,1
img_6784.jpg,1
img_2054.jpg,1
img_4640.jpg,1
img_3367.jpg,1
img_7509.jpg,1
img_3034.jpg,1
img_2888.jpg,1
img_788.jpg,0
img_3341.jpg,1
img_1267.jpg,1
img_436.jpg,0
img_1175.jpg,1
img_5805.jpg,1
img_3733.jpg,1
img_884.jpg,0
img_1590.jpg,1
img_6582.jpg,1
img_2897.jpg,1
img_2014.jpg,1
img_953.jpg,0
img_477.jpg,0
img_4095.jpg,1
img_569.jpg,0
img_239.jpg,0
img_3142.jpg,1
img_3600.jpg,1
img_6486.jpg,1
img_33.jpg,0
img_5412.jpg,1
img_5026.jpg,1
img_3945.jpg,1
img_873.jpg,0
img_5433.jpg,1
img_1749.jpg,1
img_5468.jpg,1
img_6109.jpg,1
img_615.jpg,0
img_94.jpg,0
img_4166.jpg,1
img_5491.jpg,1
img_4743.jpg,1
img_2700.jpg,1
img_124.jpg,0
img_4570.jpg,1
img_4462.jpg,1
img_6667.jpg,1
img_4094.jpg,1
img_7078.jpg,1
img_745.jpg,0
img_7796.jpg,1
img_3464.jpg,1
img_2498.jpg,1
img_7733.jpg,1
img_5428.jpg,1
img_6666.jpg,1
img_3973.jpg,1
img_528.jpg,0
img_3061.jpg,1
img_2614.jpg,1
img_3025.jpg,1
img_3049.jpg,1
img_7256.jpg,1
img_6418.jpg,1
img_2889.jpg,1
img_707.jpg,0
img_6172.jpg,1
img_941.jpg,0
img_4705.jpg,1
img_2610.jpg,1
img_4970.jpg,1
img_5404.jpg,1
img_1010.jpg,0
img_3801.jpg,1
img_7244.jpg,1
img_6983.jpg,1
img_6178.jpg,1
img_1081.jpg,0
img_243.jpg,0
img_756.jpg,0
img_2438.jpg,1
img_5374.jpg,1
img_6004.jpg,1
img_4359.jpg,1
img_1467.jpg,1
img_7287.jpg,1
img_4116.jpg,1
img_5114.jpg,1
img_4388.jpg,1
img_5851.jpg,1
img_4668.jpg,1
img_3688.jpg,1
img_7583.jpg,1
img_4379.jpg,1
img_5547.jpg,1
img_4906.jpg,1
img_7760.jpg,1
img_2652.jpg,1
img_1763.jpg,1
img_2344.jpg,1
img_4532.jpg,1
img_6734.jpg,1
img_3208.jpg,1
img_5642.jpg,1
img_5687.jpg,1
img_2511.jpg,1
img_3855.jpg,1
img_5241.jpg,1
img_3781.jpg,1
img_4198.jpg,1
img_1400.jpg,1
img_2527.jpg,1
img_7643.jpg,1
img_973.jpg,0
img_2032.jpg,1
img_5640.jpg,1
img_2011.jpg,1
img_4402.jpg,1
img_4909.jpg,1
img_6315.jpg,1
img_4568.jpg,1
img_2177.jpg,1
img_5975.jpg,1
img_7446.jpg,1
img_1508.jpg,1
img_5055.jpg,1
img_6000.jpg,1
img_5760.jpg,1
img_2058.jpg,1
img_774.jpg,0
img_2313.jpg,1
img_3255.jpg,1
img_5738.jpg,1
img_6926.jpg,1
img_6069.jpg,1
img_6326.jpg,1
img_2287.jpg,1
img_616.jpg,0
img_3789.jpg,1
img_3426.jpg,1
img_1961.jpg,1
img_7200.jpg,1
img_1211.jpg,1
img_1118.jpg,1
img_1335.jpg,1
img_1596.jpg,1
img_967.jpg,0
img_5758.jpg,1
img_1492.jpg,1
img_5238.jpg,1
img_5612.jpg,1
img_6435.jpg,1
img_7806.jpg,1
img_4389.jpg,1
img_903.jpg,0
img_715.jpg,0
img_7664.jpg,1
img_342.jpg,0
img_1598.jpg,1
img_6964.jpg,1
img_3269.jpg,1
img_5.jpg,0
img_1834.jpg,1
img_6337.jpg,1
img_3655.jpg,1
img_5736.jpg,1
img_2028.jpg,1
img_140.jpg,0
img_6953.jpg,1
img_3519.jpg,1
img_5189.jpg,1
img_7288.jpg,1
img_6244.jpg,1
img_557.jpg,0
img_3816.jpg,1
img_7142.jpg,1
img_3352.jpg,1
img_4045.jpg,1
img_7399.jpg,1
img_6949.jpg,1
img_79.jpg,0
img_3682.jpg,1
img_3308.jpg,1
img_2784.jpg,1
img_5161.jpg,1
img_2281.jpg,1
img_1950.jpg,1
img_7449.jpg,1
img_1322.jpg,1
img_907.jpg,0
img_4893.jpg,1
img_5812.jpg,1
img_1062.jpg,0
img_5926.jpg,1
img_7708.jpg,1
img_611.jpg,0
img_3314.jpg,1
img_7416.jpg,1
img_501.jpg,0
img_7206.jpg,1
img_7518.jpg,1
img_1026.jpg,0
img_6216.jpg,1
img_2216.jpg,1
img_462.jpg,0
img_704.jpg,0
img_7552.jpg,1
img_2761.jpg,1
img_5681.jpg,1
img_4123.jpg,1
img_1913.jpg,1
img_3422.jpg,1
img_2322.jpg,1
img_1208.jpg,1
img_2743.jpg,1
img_5499.jpg,1
img_289.jpg,0
img_4567.jpg,1
img_7442.jpg,1
img_5992.jpg,1
img_3213.jpg,1
img_451.jpg,0
img_4225.jpg,1
img_1754.jpg,1
img_3867.jpg,1
img_5457.jpg,1
img_4209.jpg,1
img_4885.jpg,1
img_7717.jpg,1
img_5415.jpg,1
img_7805.jpg,1
img_5328.jpg,1
img_7579.jpg,1
img_6547.jpg,1
img_209.jpg,0
img_3240.jpg,1
img_2212.jpg,1
img_3691.jpg,1
img_4635.jpg,1
img_126.jpg,0
img_938.jpg,0
img_5363.jpg,1
img_4935.jpg,1
img_4067.jpg,1
img_5855.jpg,1
img_919.jpg,0
img_4295.jpg,1
img_487.jpg,0
img_6476.jpg,1
img_3591.jpg,1
img_5577.jpg,1
img_4373.jpg,1
img_6498.jpg,1
img_1931.jpg,1
img_4218.jpg,1
img_5605.jpg,1
img_3254.jpg,1
img_7169.jpg,1
img_6779.jpg,1
img_6204.jpg,1
img_1113.jpg,1
img_6792.jpg,1
img_5437.jpg,1
img_3232.jpg,1
img_6457.jpg,1
img_2510.jpg,1
img_4297.jpg,1
img_318.jpg,0
img_4637.jpg,1
img_1347.jpg,1
img_1331.jpg,1
img_7275.jpg,1
img_6122.jpg,1
img_3902.jpg,1
img_7195.jpg,1
img_5672.jpg,1
img_7512.jpg,1
img_4998.jpg,1
img_3722.jpg,1
img_7401.jpg,1
img_5492.jpg,1
img_104.jpg,0
img_4041.jpg,1
img_2259.jpg,1
img_7212.jpg,1
img_4526.jpg,1
img_5719.jpg,1
img_2706.jpg,1
img_2582.jpg,1
img_287.jpg,0
img_1262.jpg,1
img_5843.jpg,1
img_5419.jpg,1
img_96.jpg,0
img_1034.jpg,0
img_2895.jpg,1
img_5541.jpg,1
img_3884.jpg,1
img_1555.jpg,1
img_6562.jpg,1
img_7082.jpg,1
img_885.jpg,0
img_6089.jpg,1
img_1736.jpg,1
img_5232.jpg,1
img_1883.jpg,1
img_1617.jpg,1
img_4506.jpg,1
img_7021.jpg,1
img_3786.jpg,1
img_1663.jpg,1
img_359.jpg,0
img_1183.jpg,1
img_388.jpg,0
img_2595.jpg,1
img_7384.jpg,1
img_6163.jpg,1
img_6021.jpg,1
img_5807.jpg,1
img_7763.jpg,1
img_3719.jpg,1
img_6493.jpg,1
img_752.jpg,0
img_5795.jpg,1
img_852.jpg,0
img_6965.jpg,1
img_2258.jpg,1
img_7312.jpg,1
img_4928.jpg,1
img_6281.jpg,1
img_3980.jpg,1
img_4367.jpg,1
img_4876.jpg,1
img_6799.jpg,1
img_4846.jpg,1
img_3687.jpg,1
img_4418.jpg,1
img_2755.jpg,1
img_7485.jpg,1
img_1757.jpg,1
img_2309.jpg,1
img_366.jpg,0
img_1089.jpg,0
img_5418.jpg,1
img_7696.jpg,1
img_1154.jpg,1
img_5126.jpg,1
img_416.jpg,0
img_4494.jpg,1
img_6876.jpg,1
img_3502.jpg,1
img_4771.jpg,1
img_3566.jpg,1
img_7271.jpg,1
img_3165.jpg,1
img_7460.jpg,1
img_2039.jpg,1
img_5439.jpg,1
img_1992.jpg,1
img_5068.jpg,1
img_5744.jpg,1
img_454.jpg,0
img_7421.jpg,1
img_4617.jpg,1
img_2721.jpg,1
img_7252.jpg,1
img_3065.jpg,1
img_5152.jpg,1
img_4738.jpg,1
img_6487.jpg,1
img_2902.jpg,1
img_3114.jpg,1
img_6833.jpg,1
img_2978.jpg,1
img_7462.jpg,1
img_2952.jpg,1
img_6041.jpg,1
img_7802.jpg,1
img_3389.jpg,1
img_4289.jpg,1
img_117.jpg,0
img_99.jpg,0
img_7126.jpg,1
img_171.jpg,0
img_1256.jpg,1
img_1195.jpg,1
img_3070.jpg,1
img_6544.jpg,1
img_1436.jpg,1
img_5217.jpg,1
img_6752.jpg,1
img_7637.jpg,1
img_3611.jpg,1
img_1337.jpg,1
img_6925.jpg,1
img_4080.jpg,1
img_277.jpg,0
img_6051.jpg,1
img_4085.jpg,1
img_1910.jpg,1
img_2618.jpg,1
img_7269.jpg,1
img_3105.jpg,1
img_539.jpg,0
img_3523.jpg,1
img_7391.jpg,1
img_7639.jpg,1
img_5422.jpg,1
img_3995.jpg,1
img_5279.jpg,1
img_6532.jpg,1
img_5833.jpg,1
img_7634.jpg,1
img_5531.jpg,1
img_1993.jpg,1
img_4055.jpg,1
img_6013.jpg,1
img_7616.jpg,1
img_5371.jpg,1
img_5508.jpg,1
img_587.jpg,0
img_5821.jpg,1
img_6107.jpg,1
img_5879.jpg,1
img_4511.jpg,1
img_275.jpg,0
img_1404.jpg,1
img_3077.jpg,1
img_5596.jpg,1
img_6484.jpg,1
img_357.jpg,0
img_3350.jpg,1
img_1778.jpg,1
img_7687.jpg,1
img_5874.jpg,1
img_10.jpg,0
img_7703.jpg,1
img_5627.jpg,1
img_2305.jpg,1
img_4006.jpg,1
img_5436.jpg,1
img_2947.jpg,1
img_2422.jpg,1
img_954.jpg,0
img_5539.jpg,1
img_4777.jpg,1
img_5214.jpg,1
img_1361.jpg,1
img_4759.jpg,1
img_3427.jpg,1
img_1806.jpg,1
img_1125.jpg,1
img_1297.jpg,1
img_3239.jpg,1
img_6378.jpg,1
img_3862.jpg,1
img_450.jpg,0
img_5916.jpg,1
img_5455.jpg,1
img_4774.jpg,1
img_7006.jpg,1
img_6228.jpg,1
img_4664.jpg,1
img_1043.jpg,0
img_4844.jpg,1
img_1418.jpg,1
img_1975.jpg,1
img_3757.jpg,1
img_273.jpg,0
img_6380.jpg,1
img_3960.jpg,1
img_5506.jpg,1
img_6747.jpg,1
img_3531.jpg,1
img_1051.jpg,0
img_7138.jpg,1
img_2716.jpg,1
img_6339.jpg,1
img_1543.jpg,1
img_5617.jpg,1
img_4312.jpg,1
img_1412.jpg,1
img_6961.jpg,1
img_3432.jpg,1
img_5620.jpg,1
img_4223.jpg,1
img_1586.jpg,1
img_6210.jpg,1
img_4625.jpg,1
img_6462.jpg,1
img_692.jpg,0
img_7586.jpg,1
img_4649.jpg,1
img_1448.jpg,1
img_2225.jpg,1
img_5188.jpg,1
img_2407.jpg,1
img_6242.jpg,1
img_3888.jpg,1
img_3482.jpg,1
img_5814.jpg,1
img_617.jpg,0
img_3583.jpg,1
img_3262.jpg,1
img_3037.jpg,1
img_588.jpg,0
img_3129.jpg,1
img_6416.jpg,1
img_4505.jpg,1
img_1435.jpg,1
img_4912.jpg,1
img_2411.jpg,1
img_7520.jpg,1
img_7592.jpg,1
img_1921.jpg,1
img_5951.jpg,1
img_2651.jpg,1
img_2298.jpg,1
img_6649.jpg,1
img_6232.jpg,1
img_1121.jpg,1
img_1534.jpg,1
img_5025.jpg,1
img_5829.jpg,1
img_4775.jpg,1
img_2496.jpg,1
img_1273.jpg,1
img_6662.jpg,1
img_6693.jpg,1
img_4363.jpg,1
img_7022.jpg,1
img_1579.jpg,1
img_1548.jpg,1
img_638.jpg,0
img_2798.jpg,1
img_1152.jpg,1
img_2871.jpg,1
img_195.jpg,0
img_2469.jpg,1
img_5985.jpg,1
img_2006.jpg,1
img_604.jpg,0
img_6478.jpg,1
img_2604.jpg,1
img_18.jpg,0
img_5086.jpg,1
img_2135.jpg,1
img_4541.jpg,1
img_1499.jpg,1
img_6265.jpg,1
img_1575.jpg,1
img_4298.jpg,1
img_6093.jpg,1
img_1127.jpg,1
img_7025.jpg,1
img_5364.jpg,1
img_6219.jpg,1
img_2731.jpg,1
img_7645.jpg,1
img_6824.jpg,1
img_760.jpg,0
img_2302.jpg,1
img_1139.jpg,1
img_7817.jpg,1
img_4933.jpg,1
img_3457.jpg,1
img_5309.jpg,1
img_4516.jpg,1
img_5429.jpg,1
img_1983.jpg,1
img_4240.jpg,1
img_7113.jpg,1
img_5886.jpg,1
img_5632.jpg,1
img_1981.jpg,1
img_4263.jpg,1
img_1767.jpg,1
img_2486.jpg,1
img_4409.jpg,1
img_7093.jpg,1
img_3562.jpg,1
img_3395.jpg,1
img_6401.jpg,1
img_7740.jpg,1
img_6372.jpg,1
img_4378.jpg,1
img_7506.jpg,1
img_7397.jpg,1
img_1416.jpg,1
img_4899.jpg,1
img_5591.jpg,1
img_1466.jpg,1
img_7656.jpg,1
img_4841.jpg,1
img_7487.jpg,1
img_4414.jpg,1
img_3075.jpg,1
img_4720.jpg,1
img_4680.jpg,1
img_7167.jpg,1
img_2264.jpg,1
img_7388.jpg,1
img_6727.jpg,1
img_7041.jpg,1
img_7.jpg,0
img_393.jpg,0
img_4756.jpg,1
img_2301.jpg,1
img_2349.jpg,1
img_4916.jpg,1
img_2280.jpg,1
img_3839.jpg,1
img_2105.jpg,1
img_71.jpg,0
img_3779.jpg,1
img_5278.jpg,1
img_6238.jpg,1
img_5197.jpg,1
img_2473.jpg,1
img_4226.jpg,1
img_1106.jpg,0
img_3021.jpg,1
img_1221.jpg,1
img_5460.jpg,1
img_5330.jpg,1
img_4908.jpg,1
img_7714.jpg,1
img_4005.jpg,1
img_4369.jpg,1
img_7382.jpg,1
img_5777.jpg,1
img_5502.jpg,1
img_4972.jpg,1
img_1156.jpg,1
img_5566.jpg,1
img_4974.jpg,1
img_3016.jpg,1
img_383.jpg,0
img_4588.jpg,1
img_1647.jpg,1
img_1420.jpg,1
img_1957.jpg,1
img_7754.jpg,1
img_6048.jpg,1
img_2550.jpg,1
img_5276.jpg,1
img_2608.jpg,1
img_6018.jpg,1
img_495.jpg,0
img_3147.jpg,1
img_4524.jpg,1
img_7225.jpg,1
img_6424.jpg,1
img_6982.jpg,1
img_2288.jpg,1
img_5441.jpg,1
img_3891.jpg,1
img_5863.jpg,1
img_2431.jpg,1
img_5092.jpg,1
img_3649.jpg,1
img_2329.jpg,1
img_5629.jpg,1
img_6738.jpg,1
img_2167.jpg,1
img_2883.jpg,1
img_4093.jpg,1
img_4390.jpg,1
img_2520.jpg,1
img_4845.jpg,1
img_5465.jpg,1
img_214.jpg,0
img_3132.jpg,1
img_5479.jpg,1
img_803.jpg,0
img_2622.jpg,1
img_1169.jpg,1
img_6221.jpg,1
img_6689.jpg,1
img_1838.jpg,1
img_4611.jpg,1
img_5142.jpg,1
img_6209.jpg,1
img_7638.jpg,1
img_6499.jpg,1
img_185.jpg,0
img_5245.jpg,1
img_4758.jpg,1
img_3593.jpg,1
img_41.jpg,0
img_7172.jpg,1
img_2080.jpg,1
img_1933.jpg,1
img_5836.jpg,1
img_4982.jpg,1
img_7361.jpg,1
img_4086.jpg,1
img_2109.jpg,1
img_4411.jpg,1
img_336.jpg,0
img_3216.jpg,1
img_6786.jpg,1
img_4501.jpg,1
img_3491.jpg,1
img_1247.jpg,1
img_4129.jpg,1
img_4988.jpg,1
img_4028.jpg,1
img_5727.jpg,1
img_7770.jpg,1
img_1047.jpg,0
img_6251.jpg,1
img_6208.jpg,1
img_2247.jpg,1
img_1692.jpg,1
img_1088.jpg,0
img_4881.jpg,1
img_5003.jpg,1
img_983.jpg,0
img_5927.jpg,1
img_5059.jpg,1
img_1974.jpg,1
img_1338.jpg,1
img_6481.jpg,1
img_7551.jpg,1
img_5774.jpg,1
img_7151.jpg,1
img_2957.jpg,1
img_2166.jpg,1
img_3201.jpg,1
img_865.jpg,0
img_2993.jpg,1
img_7284.jpg,1
img_7423.jpg,1
img_30.jpg,0
img_3485.jpg,1
img_3230.jpg,1
img_6347.jpg,1
img_4754.jpg,1
img_6899.jpg,1
img_6535.jpg,1
img_5303.jpg,1
img_6469.jpg,1
img_4261.jpg,1
img_2966.jpg,1
img_3405.jpg,1
img_4600.jpg,1
img_4990.jpg,1
img_2921.jpg,1
img_1547.jpg,1
img_3802.jpg,1
img_6464.jpg,1
img_548.jpg,0
img_2435.jpg,1
img_5957.jpg,1
img_3030.jpg,1
img_5621.jpg,1
img_7407.jpg,1
img_1600.jpg,1
img_5117.jpg,1
img_5913.jpg,1
img_4151.jpg,1
img_3006.jpg,1
img_3761.jpg,1
img_2326.jpg,1
img_1222.jpg,1
img_1489.jpg,1
img_3771.jpg,1
img_5647.jpg,1
img_4144.jpg,1
img_1147.jpg,1
img_5167.jpg,1
img_4351.jpg,1
img_247.jpg,0
img_5260.jpg,1
img_519.jpg,0
img_3987.jpg,1
img_3499.jpg,1
img_6694.jpg,1
img_5447.jpg,1
img_2261.jpg,1
img_2073.jpg,1
img_360.jpg,0
img_350.jpg,0
img_4999.jpg,1
img_4057.jpg,1
img_2462.jpg,1
img_75.jpg,0
img_3204.jpg,1
img_4284.jpg,1
img_2304.jpg,1
img_4148.jpg,1
img_560.jpg,0
img_4239.jpg,1
img_6020.jpg,1
img_843.jpg,0
img_1550.jpg,1
img_3344.jpg,1
img_49.jpg,0
img_5663.jpg,1
img_6479.jpg,1
img_602.jpg,0
img_1396.jpg,1
img_1111.jpg,0
img_822.jpg,0
img_7115.jpg,1
img_4971.jpg,1
img_2915.jpg,1
img_695.jpg,0
img_3155.jpg,1
img_3996.jpg,1
img_2162.jpg,1
img_3460.jpg,1
img_7476.jpg,1
img_5619.jpg,1
img_566.jpg,0
img_1761.jpg,1
img_5334.jpg,1
img_4926.jpg,1
img_1652.jpg,1
img_6264.jpg,1
img_6253.jpg,1
img_3634.jpg,1
img_6266.jpg,1
img_6640.jpg,1
img_1225.jpg,1
img_2619.jpg,1
img_7106.jpg,1
img_6577.jpg,1
img_137.jpg,0
img_6333.jpg,1
img_56.jpg,0
img_2858.jpg,1
img_7062.jpg,1
img_2060.jpg,1
img_5652.jpg,1
img_6655.jpg,1
img_5867.jpg,1
img_1163.jpg,1
img_6297.jpg,1
img_3267.jpg,1
img_4001.jpg,1
img_3257.jpg,1
img_2063.jpg,1
img_6349.jpg,1
img_6554.jpg,1
img_2627.jpg,1
img_3868.jpg,1
img_4441.jpg,1
img_1438.jpg,1
img_2296.jpg,1
img_6802.jpg,1
img_11.jpg,0
img_4038.jpg,1
img_1682.jpg,1
img_1515.jpg,1
img_7651.jpg,1
img_7103.jpg,1
img_1630.jpg,1
img_4456.jpg,1
img_6580.jpg,1
img_3624.jpg,1
img_1771.jpg,1
img_6286.jpg,1
img_634.jpg,0
img_7146.jpg,1
img_5875.jpg,1
img_5884.jpg,1
img_5270.jpg,1
img_6414.jpg,1
img_684.jpg,0
img_3544.jpg,1
img_3048.jpg,1
img_2868.jpg,1
img_7745.jpg,1
img_6458.jpg,1
img_5018.jpg,1
img_5004.jpg,1
img_7324.jpg,1
img_4750.jpg,1
img_3225.jpg,1
img_538.jpg,0
img_2094.jpg,1
img_6974.jpg,1
img_332.jpg,0
img_1235.jpg,1
img_4396.jpg,1
img_5856.jpg,1
img_2038.jpg,1
img_4919.jpg,1
img_155.jpg,0
img_4127.jpg,1
img_932.jpg,0
img_5728.jpg,1
img_7322.jpg,1
img_1985.jpg,1
img_1310.jpg,1
img_4104.jpg,1
img_827.jpg,0
img_6174.jpg,1
img_1196.jpg,1
img_4878.jpg,1
img_5609.jpg,1
img_5304.jpg,1
img_3092.jpg,1
img_937.jpg,0
img_3530.jpg,1
img_7405.jpg,1
img_1765.jpg,1
img_5582.jpg,1
img_5430.jpg,1
img_5435.jpg,1
img_1469.jpg,1
img_7630.jpg,1
img_4512.jpg,1
img_5132.jpg,1
img_2965.jpg,1
img_74.jpg,0
img_4492.jpg,1
img_3941.jpg,1
img_6963.jpg,1
img_4491.jpg,1
img_1450.jpg,1
img_7153.jpg,1
img_1814.jpg,1
img_4546.jpg,1
img_694.jpg,0
img_3131.jpg,1
img_3879.jpg,1
img_5714.jpg,1
img_158.jpg,0
img_582.jpg,0
img_1789.jpg,1
img_5431.jpg,1
img_473.jpg,0
img_4951.jpg,1
img_407.jpg,0
img_6651.jpg,1
img_7482.jpg,1
img_7491.jpg,1
img_4519.jpg,1
img_4586.jpg,1
img_131.jpg,0
img_7092.jpg,1
img_1252.jpg,1
img_5156.jpg,1
img_3507.jpg,1
img_7718.jpg,1
img_6233.jpg,1
img_1693.jpg,1
img_4062.jpg,1
img_2536.jpg,1
img_968.jpg,0
img_6830.jpg,1
img_984.jpg,0
img_4035.jpg,1
img_2444.jpg,1
img_2175.jpg,1
img_820.jpg,0
img_5798.jpg,1
img_6034.jpg,1
img_5302.jpg,1
img_1193.jpg,1
img_7259.jpg,1
img_3500.jpg,1
img_5688.jpg,1
img_1282.jpg,1
img_6836.jpg,1
img_2602.jpg,1
img_6778.jpg,1
img_445.jpg,0
img_5723.jpg,1
img_851.jpg,0
img_6354.jpg,1
img_257.jpg,0
img_1944.jpg,1
img_1045.jpg,0
img_5505.jpg,1
img_3806.jpg,1
img_2808.jpg,1
img_3700.jpg,1
img_6105.jpg,1
img_2943.jpg,1
img_7419.jpg,1
img_6293.jpg,1
img_4836.jpg,1
img_7409.jpg,1
img_7039.jpg,1
img_142.jpg,0
img_3901.jpg,1
img_1168.jpg,1
img_3811.jpg,1
img_3112.jpg,1
img_6006.jpg,1
img_6583.jpg,1
img_2066.jpg,1
img_1861.jpg,1
img_6427.jpg,1
img_5555.jpg,1
img_4542.jpg,1
img_2427.jpg,1
img_3028.jpg,1
img_6257.jpg,1
img_2341.jpg,1
img_2273.jpg,1
img_7732.jpg,1
img_3454.jpg,1
img_4137.jpg,1
img_6789.jpg,1
img_6366.jpg,1
img_2633.jpg,1
img_514.jpg,0
img_2418.jpg,1
img_1411.jpg,1
img_7014.jpg,1
img_3326.jpg,1
img_2757.jpg,1
img_5704.jpg,1
img_2995.jpg,1
img_1318.jpg,1
img_7314.jpg,1
img_73.jpg,0
img_3667.jpg,1
img_309.jpg,0
img_1523.jpg,1
img_2970.jpg,1
img_4202.jpg,1
img_6116.jpg,1
img_7124.jpg,1
img_7766.jpg,1
img_7119.jpg,1
img_5862.jpg,1
img_6548.jpg,1
img_1494.jpg,1
img_3589.jpg,1
img_7492.jpg,1
img_1832.jpg,1
img_1730.jpg,1
img_5824.jpg,1
img_2142.jpg,1
img_7396.jpg,1
img_1911.jpg,1
img_4504.jpg,1
img_1219.jpg,1
img_3003.jpg,1
img_5732.jpg,1
img_5470.jpg,1
img_467.jpg,0
img_5781.jpg,1
img_263.jpg,0
img_2924.jpg,1
img_120.jpg,0
img_2441.jpg,1
img_5379.jpg,1
img_1321.jpg,1
img_2874.jpg,1
img_6014.jpg,1
img_6463.jpg,1
img_5333.jpg,1
img_2661.jpg,1
img_2122.jpg,1
img_6713.jpg,1
img_6600.jpg,1
img_5560.jpg,1
img_2037.jpg,1
img_5050.jpg,1
img_1290.jpg,1
img_1340.jpg,1
img_1846.jpg,1
img_1619.jpg,1
img_1565.jpg,1
img_4828.jpg,1
img_6879.jpg,1
img_7431.jpg,1
img_3058.jpg,1
img_3270.jpg,1
img_1514.jpg,1
img_4965.jpg,1
img_6010.jpg,1
img_6369.jpg,1
img_4940.jpg,1
img_3857.jpg,1
img_178.jpg,0
img_2136.jpg,1
img_1611.jpg,1
img_5977.jpg,1
img_1329.jpg,1
img_4936.jpg,1
img_3536.jpg,1
img_4946.jpg,1
img_1244.jpg,1
img_6106.jpg,1
img_7464.jpg,1
img_4887.jpg,1
img_7493.jpg,1
img_6730.jpg,1
img_793.jpg,0
img_7779.jpg,1
img_882.jpg,0
img_42.jpg,0
img_3550.jpg,1
img_5483.jpg,1
img_118.jpg,0
img_6703.jpg,1
img_3748.jpg,1
img_1712.jpg,1
img_3556.jpg,1
img_6814.jpg,1
img_2320.jpg,1
img_3217.jpg,1
img_7536.jpg,1
img_7091.jpg,1
img_1733.jpg,1
img_3337.jpg,1
img_6676.jpg,1
img_1915.jpg,1
img_1677.jpg,1
img_5049.jpg,1
img_381.jpg,0
img_3095.jpg,1
img_465.jpg,0
img_5108.jpg,1
img_5616.jpg,1
img_7038.jpg,1
img_3708.jpg,1
img_6958.jpg,1
img_7560.jpg,1
img_6761.jpg,1
img_4877.jpg,1
img_5299.jpg,1
img_3320.jpg,1
img_3725.jpg,1
img_6688.jpg,1
img_5254.jpg,1
img_1551.jpg,1
img_4932.jpg,1
img_3972.jpg,1
img_5123.jpg,1
img_622.jpg,0
img_2323.jpg,1
img_5762.jpg,1
img_6611.jpg,1
img_2165.jpg,1
img_3842.jpg,1
img_6184.jpg,1
img_6429.jpg,1
img_5058.jpg,1
img_2111.jpg,1
img_442.jpg,0
img_989.jpg,0
img_6283.jpg,1
img_6520.jpg,1
img_5708.jpg,1
img_1119.jpg,1
img_2623.jpg,1
img_5221.jpg,1
img_494.jpg,0
img_6766.jpg,1
img_965.jpg,0
img_6091.jpg,1
img_6559.jpg,1
img_57.jpg,0
img_4822.jpg,1
img_6883.jpg,1
img_5498.jpg,1
img_3244.jpg,1
img_1570.jpg,1
img_2339.jpg,1
img_4216.jpg,1
img_2990.jpg,1
img_4818.jpg,1
img_116.jpg,0
img_2893.jpg,1
img_6477.jpg,1
img_3399.jpg,1
img_4401.jpg,1
img_4097.jpg,1
img_928.jpg,0
img_190.jpg,0
img_583.jpg,0
img_4007.jpg,1
img_4003.jpg,1
img_4147.jpg,1
img_2384.jpg,1
img_22.jpg,0
img_2567.jpg,1
img_6992.jpg,1
img_1614.jpg,1
img_677.jpg,0
img_6300.jpg,1
img_4864.jpg,1
img_4266.jpg,1
img_5301.jpg,1
img_813.jpg,0
img_1303.jpg,1
img_328.jpg,0
img_7757.jpg,1
img_7523.jpg,1
img_5784.jpg,1
img_6657.jpg,1
img_6146.jpg,1
img_354.jpg,0
img_2964.jpg,1
img_3381.jpg,1
img_3819.jpg,1
img_6737.jpg,1
img_113.jpg,0
img_1300.jpg,1
img_4710.jpg,1
img_3763.jpg,1
img_6625.jpg,1
img_1444.jpg,1
img_6348.jpg,1
img_3195.jpg,1
img_7000.jpg,1
img_3463.jpg,1
img_6087.jpg,1
img_6748.jpg,1
img_5626.jpg,1
img_4074.jpg,1
img_4214.jpg,1
img_6793.jpg,1
img_3968.jpg,1
img_3283.jpg,1
img_2948.jpg,1
img_2505.jpg,1
img_443.jpg,0
img_6646.jpg,1
img_3713.jpg,1
img_1661.jpg,1
img_298.jpg,0
img_435.jpg,0
img_4806.jpg,1
img_2526.jpg,1
img_7729.jpg,1
img_1174.jpg,1
img_536.jpg,0
img_1535.jpg,1
img_7363.jpg,1
img_3259.jpg,1
img_4733.jpg,1
img_2306.jpg,1
img_370.jpg,0
img_3185.jpg,1
img_4817.jpg,1
img_3431.jpg,1
img_4259.jpg,1
img_4189.jpg,1
img_1645.jpg,1
img_2179.jpg,1
img_7691.jpg,1
img_3223.jpg,1
img_4869.jpg,1
img_4130.jpg,1
img_7270.jpg,1
img_644.jpg,0
img_5608.jpg,1
img_6205.jpg,1
img_2985.jpg,1
img_7748.jpg,1
img_7784.jpg,1
img_6141.jpg,1
img_3307.jpg,1
img_5199.jpg,1
img_1432.jpg,1
img_3893.jpg,1
img_7797.jpg,1
img_2377.jpg,1
img_4248.jpg,1
img_244.jpg,0
img_7631.jpg,1
img_4719.jpg,1
img_5524.jpg,1
img_2771.jpg,1
img_3728.jpg,1
img_2628.jpg,1
img_3455.jpg,1
img_2366.jpg,1
img_4187.jpg,1
img_4798.jpg,1
img_5133.jpg,1
img_274.jpg,0
img_2391.jpg,1
img_4065.jpg,1
img_180.jpg,0
img_2896.jpg,1
img_4728.jpg,1
img_19.jpg,0
img_1602.jpg,1
img_1036.jpg,0
img_17.jpg,0
img_327.jpg,0
img_2164.jpg,1
img_5970.jpg,1
img_6104.jpg,1
img_777.jpg,0
img_6586.jpg,1
img_1973.jpg,1
img_6622.jpg,1
img_1504.jpg,1
img_780.jpg,0
img_6511.jpg,1
img_1739.jpg,1
img_2932.jpg,1
img_6052.jpg,1
img_5095.jpg,1
img_361.jpg,0
img_846.jpg,0
img_2062.jpg,1
img_1809.jpg,1
img_2176.jpg,1
img_254.jpg,0
img_4622.jpg,1
img_6650.jpg,1
img_2197.jpg,1
img_2.jpg,0
img_5463.jpg,1
img_4684.jpg,1
img_67.jpg,0
img_2640.jpg,1
img_1309.jpg,1
img_5633.jpg,1
img_6185.jpg,1
img_4467.jpg,1
img_2173.jpg,1
img_7636.jpg,1
img_5456.jpg,1
img_3079.jpg,1
img_1699.jpg,1
img_3929.jpg,1
img_2980.jpg,1
img_3409.jpg,1
img_2892.jpg,1
img_3889.jpg,1
img_6811.jpg,1
img_6917.jpg,1
img_2123.jpg,1
img_7316.jpg,1
img_6101.jpg,1
img_4599.jpg,1
img_1874.jpg,1
img_4663.jpg,1
img_5383.jpg,1
img_3765.jpg,1
img_3751.jpg,1
img_2208.jpg,1
img_1951.jpg,1
img_3401.jpg,1
img_1477.jpg,1
img_5082.jpg,1
img_1445.jpg,1
img_6504.jpg,1
img_7456.jpg,1
img_6820.jpg,1
img_5481.jpg,1
img_6096.jpg,1
img_4374.jpg,1
img_1007.jpg,0
img_6902.jpg,1
img_2451.jpg,1
img_3493.jpg,1
img_6227.jpg,1
img_6922.jpg,1
img_5831.jpg,1
img_4687.jpg,1
img_3612.jpg,1
img_2708.jpg,1
img_5646.jpg,1
img_4241.jpg,1
img_3724.jpg,1
img_4954.jpg,1
img_2850.jpg,1
img_307.jpg,0
img_7121.jpg,1
img_372.jpg,0
img_6344.jpg,1
img_3759.jpg,1
img_2312.jpg,1
img_4930.jpg,1
img_3964.jpg,1
img_4580.jpg,1
img_5417.jpg,1
img_783.jpg,0
img_7653.jpg,1
img_6708.jpg,1
img_4983.jpg,1
img_7595.jpg,1
img_6250.jpg,1
img_4430.jpg,1
img_5969.jpg,1
img_3296.jpg,1
img_7331.jpg,1
img_5585.jpg,1
img_389.jpg,0
img_2083.jpg,1
img_6668.jpg,1
img_7700.jpg,1
img_4046.jpg,1
img_6230.jpg,1
img_4673.jpg,1
img_1527.jpg,1
img_2683.jpg,1
img_3451.jpg,1
img_1984.jpg,1
img_7024.jpg,1
img_1977.jpg,1
img_6885.jpg,1
img_5752.jpg,1
img_215.jpg,0
img_1333.jpg,1
img_7159.jpg,1
img_7611.jpg,1
img_781.jpg,0
img_4030.jpg,1
img_6892.jpg,1
img_6490.jpg,1
img_7613.jpg,1
img_2597.jpg,1
img_6454.jpg,1
img_1616.jpg,1
img_990.jpg,0
img_3999.jpg,1
img_2977.jpg,1
img_7395.jpg,1
img_6173.jpg,1
img_5285.jpg,1
img_109.jpg,0
img_404.jpg,0
img_2669.jpg,1
img_6755.jpg,1
img_6261.jpg,1
img_6828.jpg,1
img_3312.jpg,1
img_4737.jpg,1
img_5753.jpg,1
img_7450.jpg,1
img_5052.jpg,1
img_7658.jpg,1
img_5158.jpg,1
img_264.jpg,0
img_2455.jpg,1
img_4158.jpg,1
img_5102.jpg,1
img_6570.jpg,1
img_5143.jpg,1
img_4571.jpg,1
img_717.jpg,0
img_4417.jpg,1
img_3601.jpg,1
img_3152.jpg,1
img_598.jpg,0
img_6868.jpg,1
img_4358.jpg,1
img_552.jpg,0
img_4934.jpg,1
img_3533.jpg,1
img_1929.jpg,1
img_1249.jpg,1
img_4376.jpg,1
img_6272.jpg,1
img_2938.jpg,1
img_3119.jpg,1
img_3596.jpg,1
img_7669.jpg,1
img_2442.jpg,1
img_4463.jpg,1
img_2428.jpg,1
img_4749.jpg,1
img_4904.jpg,1
img_1038.jpg,0
img_1496.jpg,1
img_7112.jpg,1
img_6140.jpg,1
img_6758.jpg,1
img_5527.jpg,1
img_5576.jpg,1
img_7282.jpg,1
img_3446.jpg,1
img_7629.jpg,1
img_3035.jpg,1
img_6235.jpg,1
img_1428.jpg,1
img_5885.jpg,1
img_3097.jpg,1
img_971.jpg,0
img_2769.jpg,1
img_3554.jpg,1
img_7170.jpg,1
img_490.jpg,0
img_3364.jpg,1
img_3753.jpg,1
img_4220.jpg,1
img_1073.jpg,0
img_1610.jpg,1
img_6754.jpg,1
img_5981.jpg,1
img_2289.jpg,1
img_1380.jpg,1
img_6720.jpg,1
img_191.jpg,0
img_7189.jpg,1
img_2385.jpg,1
img_2458.jpg,1
img_346.jpg,0
img_6108.jpg,1
img_7369.jpg,1
img_3626.jpg,1
img_3873.jpg,1
img_1738.jpg,1
img_6482.jpg,1
img_7548.jpg,1
img_5077.jpg,1
img_4763.jpg,1
img_3111.jpg,1
img_4335.jpg,1
img_6660.jpg,1
img_3365.jpg,1
img_5540.jpg,1
img_1286.jpg,1
img_4277.jpg,1
img_3804.jpg,1
img_4651.jpg,1
img_5638.jpg,1
img_1546.jpg,1
img_4995.jpg,1
img_3298.jpg,1
img_5945.jpg,1
img_3128.jpg,1
img_1724.jpg,1
img_7813.jpg,1
img_2955.jpg,1
img_1989.jpg,1
img_1849.jpg,1
img_2647.jpg,1
img_6474.jpg,1
img_7555.jpg,1
img_3897.jpg,1
img_4357.jpg,1
img_757.jpg,0
img_1346.jpg,1
img_1890.jpg,1
img_7002.jpg,1
img_1065.jpg,0
img_2308.jpg,1
img_833.jpg,0
img_3277.jpg,1
img_3180.jpg,1
img_2676.jpg,1
img_4898.jpg,1
img_1686.jpg,1
img_3245.jpg,1
img_2971.jpg,1
img_2279.jpg,1
img_1824.jpg,1
img_4168.jpg,1
img_1539.jpg,1
img_6451.jpg,1
img_3859.jpg,1
img_6044.jpg,1
img_2923.jpg,1
img_1674.jpg,1
img_9.jpg,0
img_4578.jpg,1
img_1067.jpg,0
img_7066.jpg,1
img_1667.jpg,1
img_7046.jpg,1
img_4768.jpg,1
img_1607.jpg,1
img_2112.jpg,1
img_5868.jpg,1
img_6328.jpg,1
img_1368.jpg,1
img_4714.jpg,1
img_2494.jpg,1
img_3363.jpg,1
img_7675.jpg,1
img_6254.jpg,1
img_7737.jpg,1
img_1991.jpg,1
img_2695.jpg,1
img_2626.jpg,1
img_446.jpg,0
img_6948.jpg,1
img_2611.jpg,1
img_154.jpg,0
img_5864.jpg,1
img_483.jpg,0
img_458.jpg,0
img_363.jpg,0
img_12.jpg,0
img_6844.jpg,1
img_5808.jpg,1
img_6012.jpg,1
img_5350.jpg,1
img_4152.jpg,1
img_7783.jpg,1
img_3227.jpg,1
img_1378.jpg,1
img_1818.jpg,1
img_5984.jpg,1
img_6584.jpg,1
img_2045.jpg,1
img_7336.jpg,1
img_3905.jpg,1
img_7620.jpg,1
img_6267.jpg,1
img_1137.jpg,1
img_2719.jpg,1
img_2184.jpg,1
img_996.jpg,0
img_3348.jpg,1
img_2285.jpg,1
img_3327.jpg,1
img_4537.jpg,1
img_440.jpg,0
img_3263.jpg,1
img_1410.jpg,1
img_4490.jpg,1
img_4178.jpg,1
img_6492.jpg,1
img_6860.jpg,1
img_633.jpg,0
img_4134.jpg,1
img_2847.jpg,1
img_688.jpg,0
img_2316.jpg,1
img_4377.jpg,1
img_5599.jpg,1
img_1160.jpg,1
img_3313.jpg,1
img_7387.jpg,1
img_3520.jpg,1
img_1265.jpg,1
img_15.jpg,0
img_3610.jpg,1
img_2134.jpg,1
img_985.jpg,0
img_1348.jpg,1
img_784.jpg,0
img_3734.jpg,1
img_5358.jpg,1
img_1042.jpg,0
img_5074.jpg,1
img_5770.jpg,1
img_628.jpg,0
img_4319.jpg,1
img_3515.jpg,1
img_2050.jpg,1
img_7389.jpg,1
img_1213.jpg,1
img_4874.jpg,1
img_5410.jpg,1
img_578.jpg,0
img_2810.jpg,1
img_1755.jpg,1
img_5062.jpg,1
img_5749.jpg,1
img_4709.jpg,1
img_1640.jpg,1
img_5518.jpg,1
img_2337.jpg,1
img_6126.jpg,1
img_5961.jpg,1
img_792.jpg,0
img_2082.jpg,1
img_1176.jpg,1
img_1387.jpg,1
img_5636.jpg,1
img_2926.jpg,1
img_5140.jpg,1
img_3896.jpg,1
img_5579.jpg,1
img_2222.jpg,1
img_4601.jpg,1
img_5809.jpg,1
img_2881.jpg,1
img_4633.jpg,1
img_6128.jpg,1
img_6934.jpg,1
img_7621.jpg,1
img_5763.jpg,1
img_4246.jpg,1
img_5731.jpg,1
img_4922.jpg,1
img_3231.jpg,1
img_5914.jpg,1
img_921.jpg,0
img_5571.jpg,1
img_2160.jpg,1
img_5776.jpg,1
img_3094.jpg,1
img_110.jpg,0
img_3400.jpg,1
img_6888.jpg,1
img_2812.jpg,1
img_1403.jpg,1
img_4145.jpg,1
img_6009.jpg,1
img_424.jpg,0
img_4931.jpg,1
img_4833.jpg,1
img_5990.jpg,1
img_204.jpg,0
img_5286.jpg,1
img_3549.jpg,1
img_2956.jpg,1
img_2252.jpg,1
img_2370.jpg,1
img_998.jpg,0
img_7762.jpg,1
img_7470.jpg,1
img_7221.jpg,1
img_2878.jpg,1
img_869.jpg,0
img_5552.jpg,1
img_1470.jpg,1
img_992.jpg,0
img_4693.jpg,1
img_4801.jpg,1
img_4955.jpg,1
img_2203.jpg,1
img_353.jpg,0
img_2557.jpg,1
img_4052.jpg,1
img_5423.jpg,1
img_1660.jpg,1
img_1713.jpg,1
img_5974.jpg,1
img_5420.jpg,1
img_997.jpg,0
img_6262.jpg,1
img_1578.jpg,1
img_5755.jpg,1
img_978.jpg,0
img_4551.jpg,1
img_930.jpg,0
img_6029.jpg,1
img_1656.jpg,1
img_2223.jpg,1
img_7744.jpg,1
img_3699.jpg,1
img_396.jpg,0
img_7083.jpg,1
img_4520.jpg,1
img_7031.jpg,1
img_2762.jpg,1
img_3477.jpg,1
img_4119.jpg,1
img_6638.jpg,1
img_2987.jpg,1
img_2367.jpg,1
img_4439.jpg,1
img_1360.jpg,1
img_2584.jpg,1
img_7486.jpg,1
img_1289.jpg,1
img_6162.jpg,1
img_2776.jpg,1
img_6384.jpg,1
img_2504.jpg,1
img_3168.jpg,1
img_482.jpg,0
img_655.jpg,0
img_5869.jpg,1
img_4559.jpg,1
img_2347.jpg,1
img_4140.jpg,1
img_880.jpg,0
img_5813.jpg,1
img_1408.jpg,1
img_1556.jpg,1
img_2703.jpg,1
img_7247.jpg,1
img_5240.jpg,1
img_6119.jpg,1
img_1161.jpg,1
img_2645.jpg,1
img_4040.jpg,1
img_1625.jpg,1
img_6997.jpg,1
img_2283.jpg,1
img_1233.jpg,1
img_3518.jpg,1
img_6389.jpg,1
img_3866.jpg,1
img_1216.jpg,1
img_4361.jpg,1
img_2263.jpg,1
img_2913.jpg,1
img_5288.jpg,1
img_193.jpg,0
img_731.jpg,0
img_1263.jpg,1
img_4371.jpg,1
img_7360.jpg,1
img_5949.jpg,1
img_3144.jpg,1
img_664.jpg,0
img_2250.jpg,1
img_3927.jpg,1
img_5706.jpg,1
img_4747.jpg,1
img_6821.jpg,1
img_3731.jpg,1
img_3331.jpg,1
img_7790.jpg,1
img_7568.jpg,1
img_6843.jpg,1
img_2556.jpg,1
img_2870.jpg,1
img_2315.jpg,1
img_4654.jpg,1
img_2253.jpg,1
img_3916.jpg,1
img_4888.jpg,1
img_6324.jpg,1
img_475.jpg,0
img_6075.jpg,1
img_2852.jpg,1
img_4428.jpg,1
img_3141.jpg,1
img_5659.jpg,1
img_3287.jpg,1
img_335.jpg,0
img_6718.jpg,1
img_498.jpg,0
img_2314.jpg,1
img_2804.jpg,1
img_4886.jpg,1
img_6245.jpg,1
img_7772.jpg,1
img_7432.jpg,1
img_1460.jpg,1
img_1355.jpg,1
img_7508.jpg,1
img_7468.jpg,1
img_675.jpg,0
img_3844.jpg,1
img_4960.jpg,1
img_1162.jpg,1
img_2722.jpg,1
img_3404.jpg,1
img_1855.jpg,1
img_6932.jpg,1
img_3441.jpg,1
img_1538.jpg,1
img_6290.jpg,1
img_1006.jpg,0
img_1316.jpg,1
img_1014.jpg,0
img_3161.jpg,1
img_1898.jpg,1
img_70.jpg,0
img_3362.jpg,1
img_4534.jpg,1
img_5451.jpg,1
img_5081.jpg,1
img_4507.jpg,1
img_7780.jpg,1
img_54.jpg,0
img_4186.jpg,1
img_3650.jpg,1
img_3386.jpg,1
img_43.jpg,0
img_5554.jpg,1
img_6445.jpg,1
img_7652.jpg,1
img_1766.jpg,1
img_7016.jpg,1
img_3697.jpg,1
img_5322.jpg,1
img_1279.jpg,1
img_1471.jpg,1
img_5035.jpg,1
img_7665.jpg,1
img_7751.jpg,1
img_4686.jpg,1
img_1190.jpg,1
img_3045.jpg,1
img_6127.jpg,1
img_4903.jpg,1
img_132.jpg,0
img_2248.jpg,1
img_6269.jpg,1
img_2945.jpg,1
img_4098.jpg,1
img_1653.jpg,1
img_2624.jpg,1
img_5517.jpg,1
img_4382.jpg,1
img_2835.jpg,1
img_6806.jpg,1
img_1609.jpg,1
img_3894.jpg,1
img_5716.jpg,1
img_6759.jpg,1
img_886.jpg,0
img_6420.jpg,1
img_1308.jpg,1
img_2168.jpg,1
img_2635.jpg,1
img_6060.jpg,1
img_4184.jpg,1
img_248.jpg,0
img_2215.jpg,1
img_3813.jpg,1
img_4610.jpg,1
img_6423.jpg,1
img_31.jpg,0
img_759.jpg,0
img_3937.jpg,1
img_3994.jpg,1
img_5380.jpg,1
img_1955.jpg,1
img_7094.jpg,1
img_102.jpg,0
img_4188.jpg,1
img_6587.jpg,1
img_6329.jpg,1
img_1458.jpg,1
img_6016.jpg,1
img_5124.jpg,1
img_5595.jpg,1
img_4861.jpg,1
img_5929.jpg,1
img_2317.jpg,1
img_890.jpg,0
img_2718.jpg,1
img_5857.jpg,1
img_5670.jpg,1
img_4322.jpg,1
img_7160.jpg,1
img_3346.jpg,1
img_1078.jpg,0
img_1296.jpg,1
img_3542.jpg,1
img_2351.jpg,1
img_72.jpg,0
img_1101.jpg,0
img_4391.jpg,1
img_5711.jpg,1
img_4843.jpg,1
img_1729.jpg,1
img_6406.jpg,1
img_943.jpg,0
img_1182.jpg,1
img_4330.jpg,1
img_3414.jpg,1
img_1592.jpg,1
img_3345.jpg,1
img_3059.jpg,1
img_1001.jpg,0
img_3956.jpg,1
img_199.jpg,0
img_7682.jpg,1
img_1517.jpg,1
img_2512.jpg,1
img_4784.jpg,1
img_3621.jpg,1
img_905.jpg,0
img_4612.jpg,1
img_2459.jpg,1
img_1748.jpg,1
img_6353.jpg,1
img_6241.jpg,1
img_2593.jpg,1
img_6978.jpg,1
img_3390.jpg,1
img_3133.jpg,1
img_4694.jpg,1
img_5799.jpg,1
img_5683.jpg,1
img_2389.jpg,1
img_3810.jpg,1
img_324.jpg,0
img_5839.jpg,1
img_6980.jpg,1
img_1672.jpg,1
img_7307.jpg,1
img_2565.jpg,1
img_1719.jpg,1
img_6383.jpg,1
img_2920.jpg,1
img_2394.jpg,1
img_1564.jpg,1
img_1990.jpg,1
img_3188.jpg,1
img_4942.jpg,1
img_108.jpg,0
img_3797.jpg,1
img_2918.jpg,1
img_5545.jpg,1
img_5715.jpg,1
img_3732.jpg,1
img_369.jpg,0
img_5965.jpg,1
img_2585.jpg,1
img_1358.jpg,1
img_6064.jpg,1
img_5087.jpg,1
img_1930.jpg,1
img_570.jpg,0
img_4068.jpg,1
img_6203.jpg,1
img_1464.jpg,1
img_3854.jpg,1
img_1288.jpg,1
img_6322.jpg,1
img_6175.jpg,1
img_3689.jpg,1
img_549.jpg,0
img_5151.jpg,1
img_7412.jpg,1
img_2041.jpg,1
img_7647.jpg,1
img_6829.jpg,1
img_5625.jpg,1
img_4219.jpg,1
img_6488.jpg,1
img_2681.jpg,1
img_5754.jpg,1
img_3139.jpg,1
img_2667.jpg,1
img_6835.jpg,1
img_1978.jpg,1
img_3076.jpg,1
img_1737.jpg,1
img_1641.jpg,1
img_5261.jpg,1
img_5941.jpg,1
img_1791.jpg,1
img_2568.jpg,1
img_3339.jpg,1
img_3249.jpg,1
img_5563.jpg,1
img_7253.jpg,1
img_1509.jpg,1
img_5231.jpg,1
img_6092.jpg,1
img_7769.jpg,1
img_1870.jpg,1
img_4642.jpg,1
img_5695.jpg,1
img_7607.jpg,1
img_3631.jpg,1
img_5282.jpg,1
img_5028.jpg,1
img_5242.jpg,1
img_7776.jpg,1
img_4029.jpg,1
img_2506.jpg,1
img_3047.jpg,1
img_7778.jpg,1
img_5735.jpg,1
img_6721.jpg,1
img_2016.jpg,1
img_5048.jpg,1
img_2236.jpg,1
img_2147.jpg,1
img_444.jpg,0
img_2141.jpg,1
img_909.jpg,0
img_866.jpg,0
img_428.jpg,0
img_6005.jpg,1
img_3237.jpg,1
img_6090.jpg,1
img_4799.jpg,1
img_6137.jpg,1
img_1788.jpg,1
img_2497.jpg,1
img_4183.jpg,1
img_6595.jpg,1
img_2727.jpg,1
img_2293.jpg,1
img_584.jpg,0
img_3151.jpg,1
img_4172.jpg,1
img_5021.jpg,1
img_1726.jpg,1
img_1823.jpg,1
img_489.jpg,0
img_6363.jpg,1
img_4764.jpg,1
img_6601.jpg,1
img_6307.jpg,1
img_6995.jpg,1
img_3043.jpg,1
img_5366.jpg,1
img_1914.jpg,1
img_7644.jpg,1
img_2523.jpg,1
img_6131.jpg,1
img_4533.jpg,1
img_7807.jpg,1
img_6421.jpg,1
img_3580.jpg,1
img_3359.jpg,1
img_6683.jpg,1
img_4945.jpg,1
img_1907.jpg,1
img_3234.jpg,1
img_6943.jpg,1
img_966.jpg,0
img_5091.jpg,1
img_7155.jpg,1
img_2476.jpg,1
img_6874.jpg,1
img_3663.jpg,1
img_3963.jpg,1
img_167.jpg,0
img_5476.jpg,1
img_5771.jpg,1
img_4227.jpg,1
